N,method_id,residual_seed,basis_index,mode_1_rank,mode_2_rank,mode_3_rank,maximum_mode_rank
150,fixed,NaN,1,1,1,1,1
150,fixed,NaN,2,3,3,3,3
150,fixed,NaN,3,6,6,6,6
150,fixed,NaN,4,9,9,9,9
150,fixed,NaN,5,10,10,10,10
150,fixed,NaN,6,12,12,12,12
150,fixed,NaN,7,13,13,13,13
150,fixed,NaN,8,15,15,15,15
150,fixed,NaN,9,15,15,15,15
150,fixed,NaN,10,16,16,16,16
150,fixed,NaN,11,17,17,17,17
150,fixed,NaN,12,17,17,17,17
150,fixed,NaN,13,18,18,18,18
150,fixed,NaN,14,18,18,18,18
150,fixed,NaN,15,19,19,19,19
150,fixed,NaN,16,20,20,20,20
150,fixed,NaN,17,20,20,20,20
150,fixed,NaN,18,20,20,20,20
150,fixed,NaN,19,21,21,21,21
150,fixed,NaN,20,21,21,21,21
150,fixed,NaN,21,22,22,22,22
150,fixed,NaN,22,23,23,22,23
150,fixed,NaN,23,23,23,23,23
150,fixed,NaN,24,23,23,23,23
150,fixed,NaN,25,24,24,24,24
150,fixed,NaN,26,25,25,25,25
150,fixed,NaN,27,25,25,25,25
150,fixed,NaN,28,26,26,26,26
150,fixed,NaN,29,26,26,26,26
150,fixed,NaN,30,27,27,27,27
150,fixed,NaN,31,27,27,27,27
150,fixed,NaN,32,27,27,27,27
150,fixed,NaN,33,29,28,27,29
150,fixed,NaN,34,29,28,28,29
150,fixed,NaN,35,29,28,28,29
150,fixed,NaN,36,30,29,30,30
150,fixed,NaN,37,30,30,30,30
150,fixed,NaN,38,30,31,30,31
150,fixed,NaN,39,31,33,31,33
150,fixed,NaN,40,32,33,31,33
150,fixed,NaN,41,33,35,31,35
150,fixed,NaN,42,33,35,31,35
150,fixed,NaN,43,33,35,31,35
150,fixed,NaN,44,35,37,33,37
150,fixed,NaN,45,36,38,34,38
150,fixed,NaN,46,38,39,36,39
150,fixed,NaN,47,39,40,37,40
150,fixed,NaN,48,41,41,37,41
150,fixed,NaN,49,42,42,38,42
150,fixed,NaN,50,43,42,38,43
150,fixed,NaN,51,45,45,39,45
150,fixed,NaN,52,45,45,39,45
150,fixed,NaN,53,47,48,42,48
150,fixed,NaN,54,47,49,42,49
150,fixed,NaN,55,48,51,43,51
150,fixed,NaN,56,48,52,44,52
150,fixed,NaN,57,50,54,45,54
150,fixed,NaN,58,51,54,45,54
150,fixed,NaN,59,52,55,47,55
150,fixed,NaN,60,54,56,48,56
150,fixed,NaN,61,54,58,49,58
150,fixed,NaN,62,55,59,50,59
150,fixed,NaN,63,57,59,51,59
150,fixed,NaN,64,59,61,52,61
150,fixed,NaN,65,60,62,53,62
150,fixed,NaN,66,61,63,54,63
150,fixed,NaN,67,63,64,55,64
150,fixed,NaN,68,64,65,56,65
150,fixed,NaN,69,65,67,57,67
150,fixed,NaN,70,66,67,58,67
150,fixed,NaN,71,67,70,60,70
150,fixed,NaN,72,68,70,60,70
150,fixed,NaN,73,70,71,62,71
150,fixed,NaN,74,70,72,62,72
150,fixed,NaN,75,73,74,64,74
150,fixed,NaN,76,74,75,64,75
150,fixed,NaN,77,77,78,67,78
150,fixed,NaN,78,77,78,68,78
150,fixed,NaN,79,79,80,69,80
150,fixed,NaN,80,79,80,70,80
150,fixed,NaN,81,80,81,70,81
150,fixed,NaN,82,82,82,72,82
150,fixed,NaN,83,83,83,73,83
150,fixed,NaN,84,85,85,75,85
150,fixed,NaN,85,85,86,75,86
150,fixed,NaN,86,88,88,77,88
150,fixed,NaN,87,88,88,77,88
150,fixed,NaN,88,89,89,77,89
150,fixed,NaN,89,91,91,79,91
150,fixed,NaN,90,92,92,80,92
150,fixed,NaN,91,95,94,82,95
150,fixed,NaN,92,94,94,82,94
150,fixed,NaN,93,95,95,83,95
150,fixed,NaN,94,97,97,85,97
150,fixed,NaN,95,97,97,85,97
150,fixed,NaN,96,100,100,88,100
150,fixed,NaN,97,100,100,88,100
150,fixed,NaN,98,101,101,88,101
150,fixed,NaN,99,103,103,90,103
150,fixed,NaN,100,104,104,90,104
150,fixed,NaN,101,106,106,94,106
150,relaxed,NaN,1,1,1,1,1
150,relaxed,NaN,2,3,3,3,3
150,relaxed,NaN,3,6,6,6,6
150,relaxed,NaN,4,8,8,8,8
150,relaxed,NaN,5,10,10,10,10
150,relaxed,NaN,6,11,11,11,11
150,relaxed,NaN,7,12,12,12,12
150,relaxed,NaN,8,12,12,12,12
150,relaxed,NaN,9,13,13,13,13
150,relaxed,NaN,10,13,13,13,13
150,relaxed,NaN,11,13,13,13,13
150,relaxed,NaN,12,13,13,13,13
150,relaxed,NaN,13,13,13,13,13
150,relaxed,NaN,14,13,13,13,13
150,relaxed,NaN,15,13,13,13,13
150,relaxed,NaN,16,13,13,13,13
150,relaxed,NaN,17,13,13,14,14
150,relaxed,NaN,18,14,14,14,14
150,relaxed,NaN,19,14,14,14,14
150,relaxed,NaN,20,15,15,14,15
150,relaxed,NaN,21,15,15,14,15
150,relaxed,NaN,22,15,15,14,15
150,relaxed,NaN,23,15,15,15,15
150,relaxed,NaN,24,15,15,15,15
150,relaxed,NaN,25,15,15,15,15
150,relaxed,NaN,26,15,15,15,15
150,relaxed,NaN,27,16,16,15,16
150,relaxed,NaN,28,16,16,15,16
150,relaxed,NaN,29,16,16,15,16
150,relaxed,NaN,30,16,16,15,16
150,relaxed,NaN,31,16,16,15,16
150,relaxed,NaN,32,16,16,15,16
150,relaxed,NaN,33,17,17,16,17
150,relaxed,NaN,34,17,17,16,17
150,relaxed,NaN,35,17,17,16,17
150,relaxed,NaN,36,17,17,17,17
150,relaxed,NaN,37,17,17,17,17
150,relaxed,NaN,38,17,17,17,17
150,relaxed,NaN,39,17,17,17,17
150,relaxed,NaN,40,17,17,17,17
150,relaxed,NaN,41,17,17,17,17
150,relaxed,NaN,42,17,17,17,17
150,relaxed,NaN,43,17,17,17,17
150,relaxed,NaN,44,18,17,18,18
150,relaxed,NaN,45,18,17,18,18
150,relaxed,NaN,46,18,18,18,18
150,relaxed,NaN,47,18,18,18,18
150,relaxed,NaN,48,19,18,18,19
150,relaxed,NaN,49,19,18,18,19
150,relaxed,NaN,50,19,19,19,19
150,relaxed,NaN,51,19,19,19,19
150,relaxed,NaN,52,20,20,19,20
150,relaxed,NaN,53,20,21,21,21
150,relaxed,NaN,54,20,21,20,21
150,relaxed,NaN,55,21,21,21,21
150,relaxed,NaN,56,21,22,22,22
150,relaxed,NaN,57,22,22,23,23
150,relaxed,NaN,58,22,22,23,23
150,relaxed,NaN,59,23,23,24,24
150,relaxed,NaN,60,24,24,25,25
150,relaxed,NaN,61,24,25,25,25
150,relaxed,NaN,62,25,25,25,25
150,relaxed,NaN,63,26,27,26,27
150,relaxed,NaN,64,27,28,27,28
150,relaxed,NaN,65,27,28,27,28
150,relaxed,NaN,66,28,30,28,30
150,relaxed,NaN,67,29,31,29,31
150,relaxed,NaN,68,30,32,30,32
150,relaxed,NaN,69,31,32,30,32
150,relaxed,NaN,70,33,34,32,34
150,relaxed,NaN,71,33,34,32,34
150,relaxed,NaN,72,35,35,34,35
150,relaxed,NaN,73,35,36,34,36
150,relaxed,NaN,74,37,37,37,37
150,relaxed,NaN,75,37,37,38,38
150,relaxed,NaN,76,38,38,39,39
150,relaxed,NaN,77,39,39,40,40
150,relaxed,NaN,78,39,39,40,40
150,relaxed,NaN,79,41,41,42,42
150,relaxed,NaN,80,42,42,42,42
150,relaxed,NaN,81,43,44,44,44
150,relaxed,NaN,82,43,44,44,44
150,relaxed,NaN,83,44,45,45,45
150,relaxed,NaN,84,45,46,46,46
150,relaxed,NaN,85,45,46,46,46
150,relaxed,NaN,86,47,46,49,49
150,relaxed,NaN,87,48,46,49,49
150,relaxed,NaN,88,48,47,50,50
150,relaxed,NaN,89,49,48,51,51
150,relaxed,NaN,90,50,48,51,51
150,relaxed,NaN,91,52,51,53,53
150,relaxed,NaN,92,52,51,53,53
150,relaxed,NaN,93,53,51,55,55
150,relaxed,NaN,94,53,52,55,55
150,relaxed,NaN,95,53,52,56,56
150,relaxed,NaN,96,54,53,57,57
150,relaxed,NaN,97,55,54,58,58
150,relaxed,NaN,98,55,54,58,58
150,relaxed,NaN,99,56,55,60,60
150,relaxed,NaN,100,57,56,60,60
150,relaxed,NaN,101,57,56,60,60
150,plain,101,1,1,1,1,1
150,plain,101,2,3,3,3,3
150,plain,101,3,6,6,6,6
150,plain,101,4,9,9,9,9
150,plain,101,5,10,10,10,10
150,plain,101,6,12,12,12,12
150,plain,101,7,13,13,13,13
150,plain,101,8,15,15,15,15
150,plain,101,9,15,15,15,15
150,plain,101,10,16,16,16,16
150,plain,101,11,17,17,17,17
150,plain,101,12,17,17,17,17
150,plain,101,13,18,18,18,18
150,plain,101,14,18,18,18,18
150,plain,101,15,19,19,19,19
150,plain,101,16,19,19,19,19
150,plain,101,17,20,20,20,20
150,plain,101,18,20,20,20,20
150,plain,101,19,21,21,21,21
150,plain,101,20,21,21,21,21
150,plain,101,21,22,22,22,22
150,plain,101,22,22,22,22,22
150,plain,101,23,22,22,22,22
150,plain,101,24,23,23,23,23
150,plain,101,25,23,23,23,23
150,plain,101,26,24,24,24,24
150,plain,101,27,24,24,24,24
150,plain,101,28,25,25,25,25
150,plain,101,29,25,25,25,25
150,plain,101,30,25,25,25,25
150,plain,101,31,26,26,26,26
150,plain,101,32,26,26,26,26
150,plain,101,33,26,26,26,26
150,plain,101,34,26,26,26,26
150,plain,101,35,27,27,27,27
150,plain,101,36,27,27,27,27
150,plain,101,37,27,27,27,27
150,plain,101,38,28,28,28,28
150,plain,101,39,28,28,28,28
150,plain,101,40,28,28,28,28
150,plain,101,41,29,29,29,29
150,plain,101,42,29,29,29,29
150,plain,101,43,29,29,29,29
150,plain,101,44,29,29,29,29
150,plain,101,45,29,29,29,29
150,plain,101,46,30,30,30,30
150,plain,101,47,30,30,30,30
150,plain,101,48,30,30,30,30
150,plain,101,49,31,31,31,31
150,plain,101,50,31,31,31,31
150,plain,101,51,31,31,31,31
150,plain,101,52,31,31,31,31
150,plain,101,53,32,32,32,32
150,plain,101,54,32,32,32,32
150,plain,101,55,33,33,33,33
150,plain,101,56,33,33,33,33
150,plain,101,57,34,34,34,34
150,plain,101,58,33,33,33,33
150,plain,101,59,34,34,34,34
150,plain,101,60,35,35,35,35
150,plain,101,61,35,35,35,35
150,plain,101,62,36,36,36,36
150,plain,101,63,35,35,35,35
150,plain,101,64,36,36,36,36
150,plain,101,65,36,36,36,36
150,plain,101,66,36,36,36,36
150,plain,101,67,36,36,36,36
150,plain,101,68,37,37,37,37
150,plain,101,69,37,37,37,37
150,plain,101,70,37,37,37,37
150,plain,101,71,38,38,38,38
150,plain,101,72,38,38,38,38
150,plain,101,73,38,38,38,38
150,plain,101,74,38,38,38,38
150,plain,101,75,39,39,39,39
150,plain,101,76,39,39,39,39
150,plain,101,77,39,39,39,39
150,plain,101,78,39,39,39,39
150,plain,101,79,39,39,39,39
150,plain,101,80,39,39,39,39
150,plain,101,81,39,39,39,39
150,plain,101,82,40,40,40,40
150,plain,101,83,39,39,39,39
150,plain,101,84,40,40,40,40
150,plain,101,85,40,40,40,40
150,plain,101,86,40,40,41,41
150,plain,101,87,40,40,41,41
150,plain,101,88,40,40,41,41
150,plain,101,89,41,41,41,41
150,plain,101,90,41,41,41,41
150,plain,101,91,42,42,43,43
150,plain,101,92,41,41,42,42
150,plain,101,93,43,43,43,43
150,plain,101,94,43,43,44,44
150,plain,101,95,43,43,44,44
150,plain,101,96,43,43,44,44
150,plain,101,97,43,43,44,44
150,plain,101,98,43,43,44,44
150,plain,101,99,43,43,44,44
150,plain,101,100,43,43,44,44
150,plain,202,1,1,1,1,1
150,plain,202,2,3,3,3,3
150,plain,202,3,6,6,6,6
150,plain,202,4,9,9,9,9
150,plain,202,5,10,10,10,10
150,plain,202,6,12,12,12,12
150,plain,202,7,13,13,13,13
150,plain,202,8,15,15,15,15
150,plain,202,9,15,15,15,15
150,plain,202,10,16,16,16,16
150,plain,202,11,17,17,17,17
150,plain,202,12,17,17,17,17
150,plain,202,13,18,18,18,18
150,plain,202,14,18,18,18,18
150,plain,202,15,19,19,19,19
150,plain,202,16,19,19,19,19
150,plain,202,17,20,20,20,20
150,plain,202,18,20,20,20,20
150,plain,202,19,21,21,21,21
150,plain,202,20,21,21,21,21
150,plain,202,21,22,22,22,22
150,plain,202,22,22,22,22,22
150,plain,202,23,22,22,22,22
150,plain,202,24,23,23,23,23
150,plain,202,25,23,23,23,23
150,plain,202,26,24,24,24,24
150,plain,202,27,24,24,24,24
150,plain,202,28,25,25,25,25
150,plain,202,29,25,25,25,25
150,plain,202,30,25,25,25,25
150,plain,202,31,26,26,26,26
150,plain,202,32,26,26,26,26
150,plain,202,33,26,26,26,26
150,plain,202,34,26,26,26,26
150,plain,202,35,27,27,27,27
150,plain,202,36,27,27,27,27
150,plain,202,37,27,27,27,27
150,plain,202,38,28,28,28,28
150,plain,202,39,28,28,28,28
150,plain,202,40,28,28,28,28
150,plain,202,41,29,29,29,29
150,plain,202,42,29,29,29,29
150,plain,202,43,29,29,29,29
150,plain,202,44,29,29,29,29
150,plain,202,45,29,29,29,29
150,plain,202,46,30,30,30,30
150,plain,202,47,30,30,30,30
150,plain,202,48,30,30,30,30
150,plain,202,49,31,31,31,31
150,plain,202,50,31,31,31,31
150,plain,202,51,31,31,31,31
150,plain,202,52,31,31,31,31
150,plain,202,53,32,32,32,32
150,plain,202,54,32,32,32,32
150,plain,202,55,33,33,33,33
150,plain,202,56,33,33,33,33
150,plain,202,57,34,34,34,34
150,plain,202,58,33,33,33,33
150,plain,202,59,34,34,34,34
150,plain,202,60,35,35,35,35
150,plain,202,61,35,35,35,35
150,plain,202,62,36,36,36,36
150,plain,202,63,35,35,35,35
150,plain,202,64,36,36,36,36
150,plain,202,65,36,36,36,36
150,plain,202,66,36,36,36,36
150,plain,202,67,36,36,36,36
150,plain,202,68,37,37,37,37
150,plain,202,69,37,37,37,37
150,plain,202,70,37,37,37,37
150,plain,202,71,38,38,38,38
150,plain,202,72,38,38,38,38
150,plain,202,73,38,38,38,38
150,plain,202,74,38,38,38,38
150,plain,202,75,39,39,39,39
150,plain,202,76,39,39,39,39
150,plain,202,77,39,39,39,39
150,plain,202,78,39,39,39,39
150,plain,202,79,39,39,39,39
150,plain,202,80,39,39,39,39
150,plain,202,81,39,39,39,39
150,plain,202,82,40,40,40,40
150,plain,202,83,39,39,39,39
150,plain,202,84,40,40,40,40
150,plain,202,85,40,40,40,40
150,plain,202,86,40,40,41,41
150,plain,202,87,40,40,41,41
150,plain,202,88,40,40,41,41
150,plain,202,89,41,41,41,41
150,plain,202,90,41,41,41,41
150,plain,202,91,42,42,43,43
150,plain,202,92,41,41,42,42
150,plain,202,93,43,43,43,43
150,plain,202,94,43,43,44,44
150,plain,202,95,43,43,44,44
150,plain,202,96,43,43,44,44
150,plain,202,97,43,43,44,44
150,plain,202,98,43,43,44,44
150,plain,202,99,43,43,44,44
150,plain,202,100,43,43,44,44
150,plain,303,1,1,1,1,1
150,plain,303,2,3,3,3,3
150,plain,303,3,6,6,6,6
150,plain,303,4,9,9,9,9
150,plain,303,5,10,10,10,10
150,plain,303,6,12,12,12,12
150,plain,303,7,13,13,13,13
150,plain,303,8,15,15,15,15
150,plain,303,9,15,15,15,15
150,plain,303,10,16,16,16,16
150,plain,303,11,17,17,17,17
150,plain,303,12,17,17,17,17
150,plain,303,13,18,18,18,18
150,plain,303,14,18,18,18,18
150,plain,303,15,19,19,19,19
150,plain,303,16,19,19,19,19
150,plain,303,17,20,20,20,20
150,plain,303,18,20,20,20,20
150,plain,303,19,21,21,21,21
150,plain,303,20,21,21,21,21
150,plain,303,21,22,22,22,22
150,plain,303,22,22,22,22,22
150,plain,303,23,22,22,22,22
150,plain,303,24,23,23,23,23
150,plain,303,25,23,23,23,23
150,plain,303,26,24,24,24,24
150,plain,303,27,24,24,24,24
150,plain,303,28,25,25,25,25
150,plain,303,29,25,25,25,25
150,plain,303,30,25,25,25,25
150,plain,303,31,26,26,26,26
150,plain,303,32,26,26,26,26
150,plain,303,33,26,26,26,26
150,plain,303,34,26,26,26,26
150,plain,303,35,27,27,27,27
150,plain,303,36,27,27,27,27
150,plain,303,37,27,27,27,27
150,plain,303,38,28,28,28,28
150,plain,303,39,28,28,28,28
150,plain,303,40,28,28,28,28
150,plain,303,41,29,29,29,29
150,plain,303,42,29,29,29,29
150,plain,303,43,29,29,29,29
150,plain,303,44,29,29,29,29
150,plain,303,45,29,29,29,29
150,plain,303,46,30,30,30,30
150,plain,303,47,30,30,30,30
150,plain,303,48,30,30,30,30
150,plain,303,49,31,31,31,31
150,plain,303,50,31,31,31,31
150,plain,303,51,31,31,31,31
150,plain,303,52,31,31,31,31
150,plain,303,53,32,32,32,32
150,plain,303,54,32,32,32,32
150,plain,303,55,33,33,33,33
150,plain,303,56,33,33,33,33
150,plain,303,57,34,34,34,34
150,plain,303,58,33,33,33,33
150,plain,303,59,34,34,34,34
150,plain,303,60,35,35,35,35
150,plain,303,61,35,35,35,35
150,plain,303,62,36,36,36,36
150,plain,303,63,35,35,35,35
150,plain,303,64,36,36,36,36
150,plain,303,65,36,36,36,36
150,plain,303,66,36,36,36,36
150,plain,303,67,36,36,36,36
150,plain,303,68,37,37,37,37
150,plain,303,69,37,37,37,37
150,plain,303,70,37,37,37,37
150,plain,303,71,38,38,38,38
150,plain,303,72,38,38,38,38
150,plain,303,73,38,38,38,38
150,plain,303,74,38,38,38,38
150,plain,303,75,39,39,39,39
150,plain,303,76,39,39,39,39
150,plain,303,77,39,39,39,39
150,plain,303,78,39,39,39,39
150,plain,303,79,39,39,39,39
150,plain,303,80,39,39,39,39
150,plain,303,81,39,39,39,39
150,plain,303,82,40,40,40,40
150,plain,303,83,39,39,39,39
150,plain,303,84,40,40,40,40
150,plain,303,85,40,40,40,40
150,plain,303,86,40,40,41,41
150,plain,303,87,40,40,41,41
150,plain,303,88,40,40,41,41
150,plain,303,89,41,41,41,41
150,plain,303,90,41,41,41,41
150,plain,303,91,42,42,43,43
150,plain,303,92,41,41,42,42
150,plain,303,93,43,43,43,43
150,plain,303,94,43,43,44,44
150,plain,303,95,43,43,44,44
150,plain,303,96,43,43,44,44
150,plain,303,97,43,43,44,44
150,plain,303,98,43,43,44,44
150,plain,303,99,43,43,44,44
150,plain,303,100,43,43,44,44
150,plain,404,1,1,1,1,1
150,plain,404,2,3,3,3,3
150,plain,404,3,6,6,6,6
150,plain,404,4,9,9,9,9
150,plain,404,5,10,10,10,10
150,plain,404,6,12,12,12,12
150,plain,404,7,13,13,13,13
150,plain,404,8,15,15,15,15
150,plain,404,9,15,15,15,15
150,plain,404,10,16,16,16,16
150,plain,404,11,17,17,17,17
150,plain,404,12,17,17,17,17
150,plain,404,13,18,18,18,18
150,plain,404,14,18,18,18,18
150,plain,404,15,19,19,19,19
150,plain,404,16,19,19,19,19
150,plain,404,17,20,20,20,20
150,plain,404,18,20,20,20,20
150,plain,404,19,21,21,21,21
150,plain,404,20,21,21,21,21
150,plain,404,21,22,22,22,22
150,plain,404,22,22,22,22,22
150,plain,404,23,22,22,22,22
150,plain,404,24,23,23,23,23
150,plain,404,25,23,23,23,23
150,plain,404,26,24,24,24,24
150,plain,404,27,24,24,24,24
150,plain,404,28,25,25,25,25
150,plain,404,29,25,25,25,25
150,plain,404,30,25,25,25,25
150,plain,404,31,26,26,26,26
150,plain,404,32,26,26,26,26
150,plain,404,33,26,26,26,26
150,plain,404,34,26,26,26,26
150,plain,404,35,27,27,27,27
150,plain,404,36,27,27,27,27
150,plain,404,37,27,27,27,27
150,plain,404,38,28,28,28,28
150,plain,404,39,28,28,28,28
150,plain,404,40,28,28,28,28
150,plain,404,41,29,29,29,29
150,plain,404,42,29,29,29,29
150,plain,404,43,29,29,29,29
150,plain,404,44,29,29,29,29
150,plain,404,45,29,29,29,29
150,plain,404,46,30,30,30,30
150,plain,404,47,30,30,30,30
150,plain,404,48,30,30,30,30
150,plain,404,49,31,31,31,31
150,plain,404,50,31,31,31,31
150,plain,404,51,31,31,31,31
150,plain,404,52,31,31,31,31
150,plain,404,53,32,32,32,32
150,plain,404,54,32,32,32,32
150,plain,404,55,33,33,33,33
150,plain,404,56,33,33,33,33
150,plain,404,57,34,34,34,34
150,plain,404,58,33,33,33,33
150,plain,404,59,34,34,34,34
150,plain,404,60,35,35,35,35
150,plain,404,61,35,35,35,35
150,plain,404,62,36,36,36,36
150,plain,404,63,35,35,35,35
150,plain,404,64,36,36,36,36
150,plain,404,65,36,36,36,36
150,plain,404,66,36,36,36,36
150,plain,404,67,36,36,36,36
150,plain,404,68,37,37,37,37
150,plain,404,69,37,37,37,37
150,plain,404,70,37,37,37,37
150,plain,404,71,38,38,38,38
150,plain,404,72,38,38,38,38
150,plain,404,73,38,38,38,38
150,plain,404,74,38,38,38,38
150,plain,404,75,39,39,39,39
150,plain,404,76,39,39,39,39
150,plain,404,77,39,39,39,39
150,plain,404,78,39,39,39,39
150,plain,404,79,39,39,39,39
150,plain,404,80,39,39,39,39
150,plain,404,81,39,39,39,39
150,plain,404,82,40,40,40,40
150,plain,404,83,39,39,39,39
150,plain,404,84,40,40,40,40
150,plain,404,85,40,40,40,40
150,plain,404,86,40,40,41,41
150,plain,404,87,40,40,41,41
150,plain,404,88,40,40,41,41
150,plain,404,89,41,41,41,41
150,plain,404,90,41,41,41,41
150,plain,404,91,42,42,43,43
150,plain,404,92,41,41,42,42
150,plain,404,93,43,43,43,43
150,plain,404,94,43,43,44,44
150,plain,404,95,43,43,44,44
150,plain,404,96,43,43,44,44
150,plain,404,97,43,43,44,44
150,plain,404,98,43,43,44,44
150,plain,404,99,43,43,44,44
150,plain,404,100,43,43,44,44
150,plain,505,1,1,1,1,1
150,plain,505,2,3,3,3,3
150,plain,505,3,6,6,6,6
150,plain,505,4,9,9,9,9
150,plain,505,5,10,10,10,10
150,plain,505,6,12,12,12,12
150,plain,505,7,13,13,13,13
150,plain,505,8,15,15,15,15
150,plain,505,9,15,15,15,15
150,plain,505,10,16,16,16,16
150,plain,505,11,17,17,17,17
150,plain,505,12,17,17,17,17
150,plain,505,13,18,18,18,18
150,plain,505,14,18,18,18,18
150,plain,505,15,19,19,19,19
150,plain,505,16,19,19,19,19
150,plain,505,17,20,20,20,20
150,plain,505,18,20,20,20,20
150,plain,505,19,21,21,21,21
150,plain,505,20,21,21,21,21
150,plain,505,21,22,22,22,22
150,plain,505,22,22,22,22,22
150,plain,505,23,22,22,22,22
150,plain,505,24,23,23,23,23
150,plain,505,25,23,23,23,23
150,plain,505,26,24,24,24,24
150,plain,505,27,24,24,24,24
150,plain,505,28,25,25,25,25
150,plain,505,29,25,25,25,25
150,plain,505,30,25,25,25,25
150,plain,505,31,26,26,26,26
150,plain,505,32,26,26,26,26
150,plain,505,33,26,26,26,26
150,plain,505,34,26,26,26,26
150,plain,505,35,27,27,27,27
150,plain,505,36,27,27,27,27
150,plain,505,37,27,27,27,27
150,plain,505,38,28,28,28,28
150,plain,505,39,28,28,28,28
150,plain,505,40,28,28,28,28
150,plain,505,41,29,29,29,29
150,plain,505,42,29,29,29,29
150,plain,505,43,29,29,29,29
150,plain,505,44,29,29,29,29
150,plain,505,45,29,29,29,29
150,plain,505,46,30,30,30,30
150,plain,505,47,30,30,30,30
150,plain,505,48,30,30,30,30
150,plain,505,49,31,31,31,31
150,plain,505,50,31,31,31,31
150,plain,505,51,31,31,31,31
150,plain,505,52,31,31,31,31
150,plain,505,53,32,32,32,32
150,plain,505,54,32,32,32,32
150,plain,505,55,33,33,33,33
150,plain,505,56,33,33,33,33
150,plain,505,57,34,34,34,34
150,plain,505,58,33,33,33,33
150,plain,505,59,34,34,34,34
150,plain,505,60,35,35,35,35
150,plain,505,61,35,35,35,35
150,plain,505,62,36,36,36,36
150,plain,505,63,35,35,35,35
150,plain,505,64,36,36,36,36
150,plain,505,65,36,36,36,36
150,plain,505,66,36,36,36,36
150,plain,505,67,36,36,36,36
150,plain,505,68,37,37,37,37
150,plain,505,69,37,37,37,37
150,plain,505,70,37,37,37,37
150,plain,505,71,38,38,38,38
150,plain,505,72,38,38,38,38
150,plain,505,73,38,38,38,38
150,plain,505,74,38,38,38,38
150,plain,505,75,39,39,39,39
150,plain,505,76,39,39,39,39
150,plain,505,77,39,39,39,39
150,plain,505,78,39,39,39,39
150,plain,505,79,39,39,39,39
150,plain,505,80,39,39,39,39
150,plain,505,81,39,39,39,39
150,plain,505,82,40,40,40,40
150,plain,505,83,39,39,39,39
150,plain,505,84,40,40,40,40
150,plain,505,85,40,40,40,40
150,plain,505,86,40,40,41,41
150,plain,505,87,40,40,41,41
150,plain,505,88,40,40,41,41
150,plain,505,89,41,41,41,41
150,plain,505,90,41,41,41,41
150,plain,505,91,42,42,43,43
150,plain,505,92,41,41,42,42
150,plain,505,93,43,43,43,43
150,plain,505,94,43,43,44,44
150,plain,505,95,43,43,44,44
150,plain,505,96,43,43,44,44
150,plain,505,97,43,43,44,44
150,plain,505,98,43,43,44,44
150,plain,505,99,43,43,44,44
150,plain,505,100,43,43,44,44
150,rhosvd_sgmres,101,1,1,1,1,1
150,rhosvd_sgmres,101,2,3,3,3,3
150,rhosvd_sgmres,101,3,6,6,6,6
150,rhosvd_sgmres,101,4,9,9,9,9
150,rhosvd_sgmres,101,5,10,10,10,10
150,rhosvd_sgmres,101,6,12,12,12,12
150,rhosvd_sgmres,101,7,13,13,13,13
150,rhosvd_sgmres,101,8,15,15,15,15
150,rhosvd_sgmres,101,9,15,15,15,15
150,rhosvd_sgmres,101,10,16,16,16,16
150,rhosvd_sgmres,101,11,17,17,17,17
150,rhosvd_sgmres,101,12,17,17,17,17
150,rhosvd_sgmres,101,13,18,18,18,18
150,rhosvd_sgmres,101,14,18,18,18,18
150,rhosvd_sgmres,101,15,19,19,19,19
150,rhosvd_sgmres,101,16,19,19,19,19
150,rhosvd_sgmres,101,17,20,20,20,20
150,rhosvd_sgmres,101,18,20,20,20,20
150,rhosvd_sgmres,101,19,21,21,21,21
150,rhosvd_sgmres,101,20,21,21,21,21
150,rhosvd_sgmres,101,21,22,22,22,22
150,rhosvd_sgmres,101,22,22,22,22,22
150,rhosvd_sgmres,101,23,23,23,23,23
150,rhosvd_sgmres,101,24,23,23,23,23
150,rhosvd_sgmres,101,25,24,24,24,24
150,rhosvd_sgmres,101,26,24,24,24,24
150,rhosvd_sgmres,101,27,24,24,24,24
150,rhosvd_sgmres,101,28,25,25,25,25
150,rhosvd_sgmres,101,29,25,25,25,25
150,rhosvd_sgmres,101,30,26,26,26,26
150,rhosvd_sgmres,101,31,27,27,27,27
150,rhosvd_sgmres,101,32,27,27,27,27
150,rhosvd_sgmres,101,33,27,27,27,27
150,rhosvd_sgmres,101,34,28,28,28,28
150,rhosvd_sgmres,101,35,28,28,28,28
150,rhosvd_sgmres,101,36,29,29,29,29
150,rhosvd_sgmres,101,37,29,29,29,29
150,rhosvd_sgmres,101,38,29,29,29,29
150,rhosvd_sgmres,101,39,30,30,30,30
150,rhosvd_sgmres,101,40,30,30,30,30
150,rhosvd_sgmres,101,41,30,30,30,30
150,rhosvd_sgmres,101,42,30,30,30,30
150,rhosvd_sgmres,101,43,30,30,30,30
150,rhosvd_sgmres,101,44,32,32,32,32
150,rhosvd_sgmres,101,45,32,32,32,32
150,rhosvd_sgmres,101,46,33,33,33,33
150,rhosvd_sgmres,101,47,33,33,33,33
150,rhosvd_sgmres,101,48,33,33,33,33
150,rhosvd_sgmres,101,49,34,34,34,34
150,rhosvd_sgmres,101,50,34,34,34,34
150,rhosvd_sgmres,101,51,34,34,34,34
150,rhosvd_sgmres,101,52,34,34,34,34
150,rhosvd_sgmres,101,53,35,35,35,35
150,rhosvd_sgmres,101,54,36,35,35,36
150,rhosvd_sgmres,101,55,36,35,35,36
150,rhosvd_sgmres,101,56,36,36,36,36
150,rhosvd_sgmres,101,57,37,36,36,37
150,rhosvd_sgmres,101,58,37,36,36,37
150,rhosvd_sgmres,101,59,37,37,37,37
150,rhosvd_sgmres,101,60,38,38,38,38
150,rhosvd_sgmres,101,61,38,38,38,38
150,rhosvd_sgmres,101,62,38,38,38,38
150,rhosvd_sgmres,101,63,38,39,39,39
150,rhosvd_sgmres,101,64,38,40,40,40
150,rhosvd_sgmres,101,65,39,40,40,40
150,rhosvd_sgmres,101,66,39,40,40,40
150,rhosvd_sgmres,101,67,39,40,40,40
150,rhosvd_sgmres,101,68,39,40,40,40
150,rhosvd_sgmres,101,69,40,40,40,40
150,rhosvd_sgmres,101,70,40,40,40,40
150,rhosvd_sgmres,101,71,41,40,40,41
150,rhosvd_sgmres,101,72,41,40,40,41
150,rhosvd_sgmres,101,73,41,40,40,41
150,rhosvd_sgmres,101,74,41,40,40,41
150,rhosvd_sgmres,101,75,42,41,41,42
150,rhosvd_sgmres,101,76,42,41,41,42
150,rhosvd_sgmres,101,77,43,43,42,43
150,rhosvd_sgmres,101,78,43,42,42,43
150,rhosvd_sgmres,101,79,43,42,43,43
150,rhosvd_sgmres,101,80,43,42,43,43
150,rhosvd_sgmres,101,81,43,42,43,43
150,rhosvd_sgmres,101,82,44,43,45,45
150,rhosvd_sgmres,101,83,44,43,45,45
150,rhosvd_sgmres,101,84,45,43,45,45
150,rhosvd_sgmres,101,85,45,43,45,45
150,rhosvd_sgmres,101,86,45,44,46,46
150,rhosvd_sgmres,101,87,46,44,46,46
150,rhosvd_sgmres,101,88,46,44,46,46
150,rhosvd_sgmres,101,89,47,44,47,47
150,rhosvd_sgmres,101,90,47,44,47,47
150,rhosvd_sgmres,101,91,49,46,49,49
150,rhosvd_sgmres,101,92,49,46,49,49
150,rhosvd_sgmres,101,93,49,46,49,49
150,rhosvd_sgmres,101,94,49,47,51,51
150,rhosvd_sgmres,101,95,49,47,50,50
150,rhosvd_sgmres,101,96,49,48,51,51
150,rhosvd_sgmres,101,97,49,48,51,51
150,rhosvd_sgmres,101,98,49,48,51,51
150,rhosvd_sgmres,101,99,49,48,52,52
150,rhosvd_sgmres,101,100,49,48,52,52
150,rhosvd_sgmres,202,1,1,1,1,1
150,rhosvd_sgmres,202,2,3,3,3,3
150,rhosvd_sgmres,202,3,6,6,6,6
150,rhosvd_sgmres,202,4,9,9,9,9
150,rhosvd_sgmres,202,5,10,10,10,10
150,rhosvd_sgmres,202,6,12,12,12,12
150,rhosvd_sgmres,202,7,13,13,13,13
150,rhosvd_sgmres,202,8,15,15,15,15
150,rhosvd_sgmres,202,9,15,15,15,15
150,rhosvd_sgmres,202,10,16,16,16,16
150,rhosvd_sgmres,202,11,17,17,17,17
150,rhosvd_sgmres,202,12,17,17,17,17
150,rhosvd_sgmres,202,13,18,18,18,18
150,rhosvd_sgmres,202,14,18,18,18,18
150,rhosvd_sgmres,202,15,19,19,19,19
150,rhosvd_sgmres,202,16,19,19,19,19
150,rhosvd_sgmres,202,17,20,20,20,20
150,rhosvd_sgmres,202,18,20,20,20,20
150,rhosvd_sgmres,202,19,21,21,21,21
150,rhosvd_sgmres,202,20,21,21,21,21
150,rhosvd_sgmres,202,21,22,22,22,22
150,rhosvd_sgmres,202,22,22,22,22,22
150,rhosvd_sgmres,202,23,23,23,23,23
150,rhosvd_sgmres,202,24,23,23,23,23
150,rhosvd_sgmres,202,25,24,24,24,24
150,rhosvd_sgmres,202,26,24,24,24,24
150,rhosvd_sgmres,202,27,24,24,24,24
150,rhosvd_sgmres,202,28,25,25,25,25
150,rhosvd_sgmres,202,29,25,25,25,25
150,rhosvd_sgmres,202,30,26,26,26,26
150,rhosvd_sgmres,202,31,27,27,27,27
150,rhosvd_sgmres,202,32,27,27,27,27
150,rhosvd_sgmres,202,33,27,27,27,27
150,rhosvd_sgmres,202,34,28,28,28,28
150,rhosvd_sgmres,202,35,28,28,28,28
150,rhosvd_sgmres,202,36,29,29,29,29
150,rhosvd_sgmres,202,37,29,29,29,29
150,rhosvd_sgmres,202,38,29,29,29,29
150,rhosvd_sgmres,202,39,30,30,30,30
150,rhosvd_sgmres,202,40,30,30,30,30
150,rhosvd_sgmres,202,41,30,30,30,30
150,rhosvd_sgmres,202,42,30,30,30,30
150,rhosvd_sgmres,202,43,30,30,30,30
150,rhosvd_sgmres,202,44,32,32,32,32
150,rhosvd_sgmres,202,45,32,32,32,32
150,rhosvd_sgmres,202,46,33,33,33,33
150,rhosvd_sgmres,202,47,33,33,33,33
150,rhosvd_sgmres,202,48,33,33,33,33
150,rhosvd_sgmres,202,49,34,34,34,34
150,rhosvd_sgmres,202,50,34,34,34,34
150,rhosvd_sgmres,202,51,34,34,34,34
150,rhosvd_sgmres,202,52,34,34,34,34
150,rhosvd_sgmres,202,53,35,35,35,35
150,rhosvd_sgmres,202,54,36,35,35,36
150,rhosvd_sgmres,202,55,36,35,35,36
150,rhosvd_sgmres,202,56,36,36,36,36
150,rhosvd_sgmres,202,57,37,36,36,37
150,rhosvd_sgmres,202,58,37,36,36,37
150,rhosvd_sgmres,202,59,37,37,37,37
150,rhosvd_sgmres,202,60,38,38,38,38
150,rhosvd_sgmres,202,61,38,38,38,38
150,rhosvd_sgmres,202,62,38,38,38,38
150,rhosvd_sgmres,202,63,38,39,39,39
150,rhosvd_sgmres,202,64,38,40,40,40
150,rhosvd_sgmres,202,65,39,40,40,40
150,rhosvd_sgmres,202,66,39,40,40,40
150,rhosvd_sgmres,202,67,39,40,40,40
150,rhosvd_sgmres,202,68,39,40,40,40
150,rhosvd_sgmres,202,69,39,40,40,40
150,rhosvd_sgmres,202,70,40,40,40,40
150,rhosvd_sgmres,202,71,41,40,40,41
150,rhosvd_sgmres,202,72,41,40,40,41
150,rhosvd_sgmres,202,73,41,40,40,41
150,rhosvd_sgmres,202,74,41,40,40,41
150,rhosvd_sgmres,202,75,42,41,41,42
150,rhosvd_sgmres,202,76,42,41,41,42
150,rhosvd_sgmres,202,77,43,42,42,43
150,rhosvd_sgmres,202,78,43,42,41,43
150,rhosvd_sgmres,202,79,43,42,42,43
150,rhosvd_sgmres,202,80,43,42,42,43
150,rhosvd_sgmres,202,81,43,42,43,43
150,rhosvd_sgmres,202,82,44,43,44,44
150,rhosvd_sgmres,202,83,44,43,44,44
150,rhosvd_sgmres,202,84,45,44,44,45
150,rhosvd_sgmres,202,85,45,44,44,45
150,rhosvd_sgmres,202,86,45,45,44,45
150,rhosvd_sgmres,202,87,45,45,44,45
150,rhosvd_sgmres,202,88,45,45,44,45
150,rhosvd_sgmres,202,89,46,46,44,46
150,rhosvd_sgmres,202,90,46,46,45,46
150,rhosvd_sgmres,202,91,48,48,45,48
150,rhosvd_sgmres,202,92,48,47,45,48
150,rhosvd_sgmres,202,93,48,48,46,48
150,rhosvd_sgmres,202,94,48,49,47,49
150,rhosvd_sgmres,202,95,48,49,47,49
150,rhosvd_sgmres,202,96,48,49,47,49
150,rhosvd_sgmres,202,97,48,49,47,49
150,rhosvd_sgmres,202,98,48,49,48,49
150,rhosvd_sgmres,202,99,49,50,48,50
150,rhosvd_sgmres,202,100,48,49,48,49
150,rhosvd_sgmres,303,1,1,1,1,1
150,rhosvd_sgmres,303,2,3,3,3,3
150,rhosvd_sgmres,303,3,6,6,6,6
150,rhosvd_sgmres,303,4,9,9,9,9
150,rhosvd_sgmres,303,5,10,10,10,10
150,rhosvd_sgmres,303,6,12,12,12,12
150,rhosvd_sgmres,303,7,13,13,13,13
150,rhosvd_sgmres,303,8,15,15,15,15
150,rhosvd_sgmres,303,9,15,15,15,15
150,rhosvd_sgmres,303,10,16,16,16,16
150,rhosvd_sgmres,303,11,17,17,17,17
150,rhosvd_sgmres,303,12,17,17,17,17
150,rhosvd_sgmres,303,13,18,18,18,18
150,rhosvd_sgmres,303,14,18,18,18,18
150,rhosvd_sgmres,303,15,19,19,19,19
150,rhosvd_sgmres,303,16,19,19,19,19
150,rhosvd_sgmres,303,17,20,20,20,20
150,rhosvd_sgmres,303,18,20,20,20,20
150,rhosvd_sgmres,303,19,21,21,21,21
150,rhosvd_sgmres,303,20,21,21,21,21
150,rhosvd_sgmres,303,21,22,22,22,22
150,rhosvd_sgmres,303,22,22,22,22,22
150,rhosvd_sgmres,303,23,23,23,23,23
150,rhosvd_sgmres,303,24,23,23,23,23
150,rhosvd_sgmres,303,25,24,24,24,24
150,rhosvd_sgmres,303,26,24,24,24,24
150,rhosvd_sgmres,303,27,24,24,24,24
150,rhosvd_sgmres,303,28,25,25,25,25
150,rhosvd_sgmres,303,29,25,25,25,25
150,rhosvd_sgmres,303,30,26,26,26,26
150,rhosvd_sgmres,303,31,27,27,27,27
150,rhosvd_sgmres,303,32,27,27,27,27
150,rhosvd_sgmres,303,33,27,27,27,27
150,rhosvd_sgmres,303,34,28,28,28,28
150,rhosvd_sgmres,303,35,28,28,28,28
150,rhosvd_sgmres,303,36,29,29,29,29
150,rhosvd_sgmres,303,37,29,29,29,29
150,rhosvd_sgmres,303,38,29,29,29,29
150,rhosvd_sgmres,303,39,30,30,30,30
150,rhosvd_sgmres,303,40,30,30,30,30
150,rhosvd_sgmres,303,41,30,30,30,30
150,rhosvd_sgmres,303,42,30,30,30,30
150,rhosvd_sgmres,303,43,30,30,30,30
150,rhosvd_sgmres,303,44,32,32,32,32
150,rhosvd_sgmres,303,45,32,32,32,32
150,rhosvd_sgmres,303,46,33,33,33,33
150,rhosvd_sgmres,303,47,33,33,33,33
150,rhosvd_sgmres,303,48,33,33,33,33
150,rhosvd_sgmres,303,49,34,34,34,34
150,rhosvd_sgmres,303,50,34,34,34,34
150,rhosvd_sgmres,303,51,34,34,34,34
150,rhosvd_sgmres,303,52,34,34,34,34
150,rhosvd_sgmres,303,53,35,35,35,35
150,rhosvd_sgmres,303,54,36,35,35,36
150,rhosvd_sgmres,303,55,36,35,35,36
150,rhosvd_sgmres,303,56,36,36,35,36
150,rhosvd_sgmres,303,57,37,36,36,37
150,rhosvd_sgmres,303,58,37,36,36,37
150,rhosvd_sgmres,303,59,37,37,37,37
150,rhosvd_sgmres,303,60,38,38,38,38
150,rhosvd_sgmres,303,61,38,38,38,38
150,rhosvd_sgmres,303,62,38,38,38,38
150,rhosvd_sgmres,303,63,38,39,38,39
150,rhosvd_sgmres,303,64,38,40,39,40
150,rhosvd_sgmres,303,65,39,40,40,40
150,rhosvd_sgmres,303,66,39,40,40,40
150,rhosvd_sgmres,303,67,39,40,40,40
150,rhosvd_sgmres,303,68,39,40,40,40
150,rhosvd_sgmres,303,69,40,40,40,40
150,rhosvd_sgmres,303,70,40,40,40,40
150,rhosvd_sgmres,303,71,41,40,40,41
150,rhosvd_sgmres,303,72,41,40,40,41
150,rhosvd_sgmres,303,73,41,40,40,41
150,rhosvd_sgmres,303,74,41,40,40,41
150,rhosvd_sgmres,303,75,42,41,41,42
150,rhosvd_sgmres,303,76,42,41,41,42
150,rhosvd_sgmres,303,77,43,43,42,43
150,rhosvd_sgmres,303,78,43,42,41,43
150,rhosvd_sgmres,303,79,43,42,42,43
150,rhosvd_sgmres,303,80,43,42,42,43
150,rhosvd_sgmres,303,81,43,42,42,43
150,rhosvd_sgmres,303,82,44,43,43,44
150,rhosvd_sgmres,303,83,44,43,43,44
150,rhosvd_sgmres,303,84,45,43,43,45
150,rhosvd_sgmres,303,85,45,43,43,45
150,rhosvd_sgmres,303,86,45,44,44,45
150,rhosvd_sgmres,303,87,46,44,44,46
150,rhosvd_sgmres,303,88,46,44,44,46
150,rhosvd_sgmres,303,89,47,45,44,47
150,rhosvd_sgmres,303,90,47,45,44,47
150,rhosvd_sgmres,303,91,48,46,46,48
150,rhosvd_sgmres,303,92,48,47,46,48
150,rhosvd_sgmres,303,93,48,47,46,48
150,rhosvd_sgmres,303,94,49,48,47,49
150,rhosvd_sgmres,303,95,49,48,47,49
150,rhosvd_sgmres,303,96,49,48,48,49
150,rhosvd_sgmres,303,97,49,48,48,49
150,rhosvd_sgmres,303,98,49,48,48,49
150,rhosvd_sgmres,303,99,49,48,48,49
150,rhosvd_sgmres,303,100,49,48,48,49
150,rhosvd_sgmres,404,1,1,1,1,1
150,rhosvd_sgmres,404,2,3,3,3,3
150,rhosvd_sgmres,404,3,6,6,6,6
150,rhosvd_sgmres,404,4,9,9,9,9
150,rhosvd_sgmres,404,5,10,10,10,10
150,rhosvd_sgmres,404,6,12,12,12,12
150,rhosvd_sgmres,404,7,13,13,13,13
150,rhosvd_sgmres,404,8,15,15,15,15
150,rhosvd_sgmres,404,9,15,15,15,15
150,rhosvd_sgmres,404,10,16,16,16,16
150,rhosvd_sgmres,404,11,17,17,17,17
150,rhosvd_sgmres,404,12,17,17,17,17
150,rhosvd_sgmres,404,13,18,18,18,18
150,rhosvd_sgmres,404,14,18,18,18,18
150,rhosvd_sgmres,404,15,19,19,19,19
150,rhosvd_sgmres,404,16,19,19,19,19
150,rhosvd_sgmres,404,17,20,20,20,20
150,rhosvd_sgmres,404,18,20,20,20,20
150,rhosvd_sgmres,404,19,21,21,21,21
150,rhosvd_sgmres,404,20,21,21,21,21
150,rhosvd_sgmres,404,21,22,22,22,22
150,rhosvd_sgmres,404,22,22,22,22,22
150,rhosvd_sgmres,404,23,23,23,23,23
150,rhosvd_sgmres,404,24,23,23,23,23
150,rhosvd_sgmres,404,25,24,24,24,24
150,rhosvd_sgmres,404,26,24,24,24,24
150,rhosvd_sgmres,404,27,24,24,24,24
150,rhosvd_sgmres,404,28,25,25,25,25
150,rhosvd_sgmres,404,29,25,25,25,25
150,rhosvd_sgmres,404,30,26,26,26,26
150,rhosvd_sgmres,404,31,27,27,27,27
150,rhosvd_sgmres,404,32,27,27,27,27
150,rhosvd_sgmres,404,33,27,27,27,27
150,rhosvd_sgmres,404,34,28,28,28,28
150,rhosvd_sgmres,404,35,28,28,28,28
150,rhosvd_sgmres,404,36,29,29,29,29
150,rhosvd_sgmres,404,37,29,29,29,29
150,rhosvd_sgmres,404,38,29,29,29,29
150,rhosvd_sgmres,404,39,30,30,30,30
150,rhosvd_sgmres,404,40,30,30,30,30
150,rhosvd_sgmres,404,41,30,30,30,30
150,rhosvd_sgmres,404,42,30,30,30,30
150,rhosvd_sgmres,404,43,30,30,30,30
150,rhosvd_sgmres,404,44,32,32,32,32
150,rhosvd_sgmres,404,45,32,32,32,32
150,rhosvd_sgmres,404,46,33,33,33,33
150,rhosvd_sgmres,404,47,33,33,33,33
150,rhosvd_sgmres,404,48,33,33,33,33
150,rhosvd_sgmres,404,49,34,34,34,34
150,rhosvd_sgmres,404,50,34,34,34,34
150,rhosvd_sgmres,404,51,34,34,34,34
150,rhosvd_sgmres,404,52,34,34,34,34
150,rhosvd_sgmres,404,53,35,35,35,35
150,rhosvd_sgmres,404,54,36,35,35,36
150,rhosvd_sgmres,404,55,36,35,35,36
150,rhosvd_sgmres,404,56,36,36,36,36
150,rhosvd_sgmres,404,57,37,36,36,37
150,rhosvd_sgmres,404,58,37,36,36,37
150,rhosvd_sgmres,404,59,37,37,37,37
150,rhosvd_sgmres,404,60,38,38,38,38
150,rhosvd_sgmres,404,61,38,38,38,38
150,rhosvd_sgmres,404,62,38,38,38,38
150,rhosvd_sgmres,404,63,38,39,39,39
150,rhosvd_sgmres,404,64,38,40,40,40
150,rhosvd_sgmres,404,65,39,40,40,40
150,rhosvd_sgmres,404,66,39,40,40,40
150,rhosvd_sgmres,404,67,39,40,40,40
150,rhosvd_sgmres,404,68,39,40,40,40
150,rhosvd_sgmres,404,69,39,40,40,40
150,rhosvd_sgmres,404,70,40,40,40,40
150,rhosvd_sgmres,404,71,41,40,40,41
150,rhosvd_sgmres,404,72,41,40,40,41
150,rhosvd_sgmres,404,73,41,40,40,41
150,rhosvd_sgmres,404,74,41,40,40,41
150,rhosvd_sgmres,404,75,42,41,41,42
150,rhosvd_sgmres,404,76,42,41,41,42
150,rhosvd_sgmres,404,77,43,43,42,43
150,rhosvd_sgmres,404,78,43,42,41,43
150,rhosvd_sgmres,404,79,43,42,42,43
150,rhosvd_sgmres,404,80,43,43,42,43
150,rhosvd_sgmres,404,81,43,43,42,43
150,rhosvd_sgmres,404,82,44,44,44,44
150,rhosvd_sgmres,404,83,44,44,44,44
150,rhosvd_sgmres,404,84,44,44,44,44
150,rhosvd_sgmres,404,85,44,44,44,44
150,rhosvd_sgmres,404,86,45,45,44,45
150,rhosvd_sgmres,404,87,45,45,45,45
150,rhosvd_sgmres,404,88,45,46,45,46
150,rhosvd_sgmres,404,89,45,46,46,46
150,rhosvd_sgmres,404,90,45,46,46,46
150,rhosvd_sgmres,404,91,47,48,47,48
150,rhosvd_sgmres,404,92,47,47,47,47
150,rhosvd_sgmres,404,93,47,48,47,48
150,rhosvd_sgmres,404,94,48,48,48,48
150,rhosvd_sgmres,404,95,48,48,48,48
150,rhosvd_sgmres,404,96,48,48,48,48
150,rhosvd_sgmres,404,97,49,48,48,49
150,rhosvd_sgmres,404,98,49,48,48,49
150,rhosvd_sgmres,404,99,49,48,49,49
150,rhosvd_sgmres,404,100,49,48,48,49
150,rhosvd_sgmres,505,1,1,1,1,1
150,rhosvd_sgmres,505,2,3,3,3,3
150,rhosvd_sgmres,505,3,6,6,6,6
150,rhosvd_sgmres,505,4,9,9,9,9
150,rhosvd_sgmres,505,5,10,10,10,10
150,rhosvd_sgmres,505,6,12,12,12,12
150,rhosvd_sgmres,505,7,13,13,13,13
150,rhosvd_sgmres,505,8,15,15,15,15
150,rhosvd_sgmres,505,9,15,15,15,15
150,rhosvd_sgmres,505,10,16,16,16,16
150,rhosvd_sgmres,505,11,17,17,17,17
150,rhosvd_sgmres,505,12,17,17,17,17
150,rhosvd_sgmres,505,13,18,18,18,18
150,rhosvd_sgmres,505,14,18,18,18,18
150,rhosvd_sgmres,505,15,19,19,19,19
150,rhosvd_sgmres,505,16,19,19,19,19
150,rhosvd_sgmres,505,17,20,20,20,20
150,rhosvd_sgmres,505,18,20,20,20,20
150,rhosvd_sgmres,505,19,21,21,21,21
150,rhosvd_sgmres,505,20,21,21,21,21
150,rhosvd_sgmres,505,21,22,22,22,22
150,rhosvd_sgmres,505,22,22,22,22,22
150,rhosvd_sgmres,505,23,23,23,23,23
150,rhosvd_sgmres,505,24,23,23,23,23
150,rhosvd_sgmres,505,25,24,24,24,24
150,rhosvd_sgmres,505,26,24,24,24,24
150,rhosvd_sgmres,505,27,24,24,24,24
150,rhosvd_sgmres,505,28,25,25,25,25
150,rhosvd_sgmres,505,29,25,25,25,25
150,rhosvd_sgmres,505,30,26,26,26,26
150,rhosvd_sgmres,505,31,27,27,27,27
150,rhosvd_sgmres,505,32,27,27,27,27
150,rhosvd_sgmres,505,33,27,27,27,27
150,rhosvd_sgmres,505,34,28,28,28,28
150,rhosvd_sgmres,505,35,28,28,28,28
150,rhosvd_sgmres,505,36,29,29,29,29
150,rhosvd_sgmres,505,37,29,29,29,29
150,rhosvd_sgmres,505,38,29,29,29,29
150,rhosvd_sgmres,505,39,30,30,30,30
150,rhosvd_sgmres,505,40,30,30,30,30
150,rhosvd_sgmres,505,41,30,30,30,30
150,rhosvd_sgmres,505,42,30,30,30,30
150,rhosvd_sgmres,505,43,30,30,30,30
150,rhosvd_sgmres,505,44,32,32,32,32
150,rhosvd_sgmres,505,45,32,32,32,32
150,rhosvd_sgmres,505,46,33,33,33,33
150,rhosvd_sgmres,505,47,33,33,33,33
150,rhosvd_sgmres,505,48,33,33,33,33
150,rhosvd_sgmres,505,49,34,34,34,34
150,rhosvd_sgmres,505,50,34,34,34,34
150,rhosvd_sgmres,505,51,34,34,34,34
150,rhosvd_sgmres,505,52,34,34,34,34
150,rhosvd_sgmres,505,53,35,35,35,35
150,rhosvd_sgmres,505,54,36,35,35,36
150,rhosvd_sgmres,505,55,36,35,35,36
150,rhosvd_sgmres,505,56,36,36,36,36
150,rhosvd_sgmres,505,57,37,36,36,37
150,rhosvd_sgmres,505,58,37,36,36,37
150,rhosvd_sgmres,505,59,37,37,37,37
150,rhosvd_sgmres,505,60,38,38,38,38
150,rhosvd_sgmres,505,61,38,38,38,38
150,rhosvd_sgmres,505,62,38,38,38,38
150,rhosvd_sgmres,505,63,38,39,39,39
150,rhosvd_sgmres,505,64,38,40,40,40
150,rhosvd_sgmres,505,65,39,40,40,40
150,rhosvd_sgmres,505,66,39,40,40,40
150,rhosvd_sgmres,505,67,39,40,40,40
150,rhosvd_sgmres,505,68,39,40,40,40
150,rhosvd_sgmres,505,69,40,40,40,40
150,rhosvd_sgmres,505,70,40,40,40,40
150,rhosvd_sgmres,505,71,41,40,40,41
150,rhosvd_sgmres,505,72,41,40,40,41
150,rhosvd_sgmres,505,73,41,40,40,41
150,rhosvd_sgmres,505,74,41,40,40,41
150,rhosvd_sgmres,505,75,42,41,41,42
150,rhosvd_sgmres,505,76,42,41,41,42
150,rhosvd_sgmres,505,77,43,43,42,43
150,rhosvd_sgmres,505,78,43,42,42,43
150,rhosvd_sgmres,505,79,43,42,42,43
150,rhosvd_sgmres,505,80,43,42,42,43
150,rhosvd_sgmres,505,81,43,42,42,43
150,rhosvd_sgmres,505,82,45,43,43,45
150,rhosvd_sgmres,505,83,45,43,43,45
150,rhosvd_sgmres,505,84,45,43,44,45
150,rhosvd_sgmres,505,85,46,43,44,46
150,rhosvd_sgmres,505,86,46,44,45,46
150,rhosvd_sgmres,505,87,46,45,45,46
150,rhosvd_sgmres,505,88,46,45,45,46
150,rhosvd_sgmres,505,89,47,45,46,47
150,rhosvd_sgmres,505,90,47,45,46,47
150,rhosvd_sgmres,505,91,48,47,47,48
150,rhosvd_sgmres,505,92,47,47,47,47
150,rhosvd_sgmres,505,93,48,48,47,48
150,rhosvd_sgmres,505,94,49,48,48,49
150,rhosvd_sgmres,505,95,49,48,48,49
150,rhosvd_sgmres,505,96,49,48,48,49
150,rhosvd_sgmres,505,97,49,48,48,49
150,rhosvd_sgmres,505,98,49,48,48,49
150,rhosvd_sgmres,505,99,49,48,49,49
150,rhosvd_sgmres,505,100,49,48,49,49
200,fixed,NaN,1,1,1,1,1
200,fixed,NaN,2,3,3,3,3
200,fixed,NaN,3,6,6,6,6
200,fixed,NaN,4,9,9,9,9
200,fixed,NaN,5,10,10,10,10
200,fixed,NaN,6,12,12,12,12
200,fixed,NaN,7,13,13,13,13
200,fixed,NaN,8,15,15,15,15
200,fixed,NaN,9,15,15,15,15
200,fixed,NaN,10,16,16,16,16
200,fixed,NaN,11,17,17,17,17
200,fixed,NaN,12,17,17,17,17
200,fixed,NaN,13,18,18,18,18
200,fixed,NaN,14,19,19,19,19
200,fixed,NaN,15,19,19,19,19
200,fixed,NaN,16,20,20,20,20
200,fixed,NaN,17,20,20,20,20
200,fixed,NaN,18,20,20,21,21
200,fixed,NaN,19,21,21,22,22
200,fixed,NaN,20,22,22,22,22
200,fixed,NaN,21,22,22,22,22
200,fixed,NaN,22,23,23,23,23
200,fixed,NaN,23,24,24,24,24
200,fixed,NaN,24,24,24,24,24
200,fixed,NaN,25,25,25,25,25
200,fixed,NaN,26,25,25,25,25
200,fixed,NaN,27,26,26,26,26
200,fixed,NaN,28,27,27,27,27
200,fixed,NaN,29,28,28,28,28
200,fixed,NaN,30,28,28,29,29
200,fixed,NaN,31,28,28,29,29
200,fixed,NaN,32,30,30,30,30
200,fixed,NaN,33,30,30,30,30
200,fixed,NaN,34,30,31,31,31
200,fixed,NaN,35,31,33,31,33
200,fixed,NaN,36,32,33,32,33
200,fixed,NaN,37,32,33,31,33
200,fixed,NaN,38,34,34,32,34
200,fixed,NaN,39,35,35,32,35
200,fixed,NaN,40,35,36,33,36
200,fixed,NaN,41,36,37,33,37
200,fixed,NaN,42,36,37,34,37
200,fixed,NaN,43,37,39,34,39
200,fixed,NaN,44,38,40,35,40
200,fixed,NaN,45,39,40,36,40
200,fixed,NaN,46,41,43,37,43
200,fixed,NaN,47,41,44,39,44
200,fixed,NaN,48,42,45,39,45
200,fixed,NaN,49,44,47,41,47
200,fixed,NaN,50,44,47,42,47
200,fixed,NaN,51,47,49,43,49
200,fixed,NaN,52,48,50,43,50
200,fixed,NaN,53,49,51,44,51
200,fixed,NaN,54,52,53,46,53
200,fixed,NaN,55,52,53,46,53
200,fixed,NaN,56,55,55,48,55
200,fixed,NaN,57,55,56,49,56
200,fixed,NaN,58,57,57,50,57
200,fixed,NaN,59,59,60,51,60
200,fixed,NaN,60,59,60,52,60
200,fixed,NaN,61,61,63,54,63
200,fixed,NaN,62,61,63,54,63
200,fixed,NaN,63,64,66,57,66
200,fixed,NaN,64,64,66,57,66
200,fixed,NaN,65,65,67,59,67
200,fixed,NaN,66,67,70,60,70
200,fixed,NaN,67,69,72,61,72
200,fixed,NaN,68,71,74,63,74
200,fixed,NaN,69,72,75,64,75
200,fixed,NaN,70,76,78,66,78
200,fixed,NaN,71,76,78,66,78
200,fixed,NaN,72,79,80,68,80
200,fixed,NaN,73,79,80,69,80
200,fixed,NaN,74,81,82,70,82
200,fixed,NaN,75,81,82,71,82
200,fixed,NaN,76,83,85,73,85
200,fixed,NaN,77,83,85,74,85
200,fixed,NaN,78,86,87,76,87
200,fixed,NaN,79,87,88,77,88
200,fixed,NaN,80,89,90,79,90
200,fixed,NaN,81,90,91,80,91
200,fixed,NaN,82,91,92,82,92
200,fixed,NaN,83,92,94,83,94
200,fixed,NaN,84,95,96,85,96
200,fixed,NaN,85,95,97,86,97
200,fixed,NaN,86,98,99,88,99
200,fixed,NaN,87,98,100,89,100
200,fixed,NaN,88,100,101,90,101
200,fixed,NaN,89,100,102,91,102
200,fixed,NaN,90,102,104,93,104
200,fixed,NaN,91,102,104,93,104
200,fixed,NaN,92,106,107,96,107
200,fixed,NaN,93,105,107,95,107
200,fixed,NaN,94,108,109,98,109
200,fixed,NaN,95,108,109,99,109
200,fixed,NaN,96,113,113,102,113
200,fixed,NaN,97,112,112,102,112
200,fixed,NaN,98,115,115,103,115
200,fixed,NaN,99,115,115,104,115
200,fixed,NaN,100,117,118,105,118
200,fixed,NaN,101,117,118,105,118
200,relaxed,NaN,1,1,1,1,1
200,relaxed,NaN,2,3,3,3,3
200,relaxed,NaN,3,6,6,6,6
200,relaxed,NaN,4,8,8,8,8
200,relaxed,NaN,5,10,10,10,10
200,relaxed,NaN,6,11,11,11,11
200,relaxed,NaN,7,12,12,12,12
200,relaxed,NaN,8,12,12,12,12
200,relaxed,NaN,9,13,13,13,13
200,relaxed,NaN,10,13,13,13,13
200,relaxed,NaN,11,14,14,14,14
200,relaxed,NaN,12,14,14,14,14
200,relaxed,NaN,13,15,15,15,15
200,relaxed,NaN,14,15,15,15,15
200,relaxed,NaN,15,15,15,15,15
200,relaxed,NaN,16,15,15,15,15
200,relaxed,NaN,17,15,15,15,15
200,relaxed,NaN,18,15,15,15,15
200,relaxed,NaN,19,15,15,15,15
200,relaxed,NaN,20,16,16,16,16
200,relaxed,NaN,21,16,16,16,16
200,relaxed,NaN,22,16,16,16,16
200,relaxed,NaN,23,16,16,17,17
200,relaxed,NaN,24,16,16,17,17
200,relaxed,NaN,25,17,16,17,17
200,relaxed,NaN,26,18,17,17,18
200,relaxed,NaN,27,18,17,17,18
200,relaxed,NaN,28,18,17,17,18
200,relaxed,NaN,29,18,18,18,18
200,relaxed,NaN,30,18,18,18,18
200,relaxed,NaN,31,18,18,18,18
200,relaxed,NaN,32,19,18,19,19
200,relaxed,NaN,33,19,18,19,19
200,relaxed,NaN,34,19,18,19,19
200,relaxed,NaN,35,19,19,19,19
200,relaxed,NaN,36,19,19,19,19
200,relaxed,NaN,37,19,19,19,19
200,relaxed,NaN,38,19,19,20,20
200,relaxed,NaN,39,19,19,20,20
200,relaxed,NaN,40,19,19,20,20
200,relaxed,NaN,41,20,19,20,20
200,relaxed,NaN,42,20,19,20,20
200,relaxed,NaN,43,20,19,20,20
200,relaxed,NaN,44,20,20,20,20
200,relaxed,NaN,45,20,20,20,20
200,relaxed,NaN,46,21,21,20,21
200,relaxed,NaN,47,21,21,20,21
200,relaxed,NaN,48,22,22,20,22
200,relaxed,NaN,49,22,22,21,22
200,relaxed,NaN,50,22,22,22,22
200,relaxed,NaN,51,23,23,23,23
200,relaxed,NaN,52,23,23,23,23
200,relaxed,NaN,53,24,24,24,24
200,relaxed,NaN,54,25,25,24,25
200,relaxed,NaN,55,25,25,24,25
200,relaxed,NaN,56,26,26,24,26
200,relaxed,NaN,57,26,27,24,27
200,relaxed,NaN,58,26,27,25,27
200,relaxed,NaN,59,26,28,25,28
200,relaxed,NaN,60,27,28,26,28
200,relaxed,NaN,61,27,29,26,29
200,relaxed,NaN,62,28,30,28,30
200,relaxed,NaN,63,28,30,29,30
200,relaxed,NaN,64,30,31,30,31
200,relaxed,NaN,65,31,32,30,32
200,relaxed,NaN,66,31,33,30,33
200,relaxed,NaN,67,33,33,32,33
200,relaxed,NaN,68,33,34,33,34
200,relaxed,NaN,69,35,35,35,35
200,relaxed,NaN,70,36,36,36,36
200,relaxed,NaN,71,37,37,38,38
200,relaxed,NaN,72,37,37,39,39
200,relaxed,NaN,73,38,39,41,41
200,relaxed,NaN,74,39,39,42,42
200,relaxed,NaN,75,41,40,44,44
200,relaxed,NaN,76,41,40,44,44
200,relaxed,NaN,77,43,41,45,45
200,relaxed,NaN,78,43,42,46,46
200,relaxed,NaN,79,44,44,47,47
200,relaxed,NaN,80,44,44,47,47
200,relaxed,NaN,81,46,46,49,49
200,relaxed,NaN,82,46,46,50,50
200,relaxed,NaN,83,48,48,51,51
200,relaxed,NaN,84,48,49,52,52
200,relaxed,NaN,85,49,50,53,53
200,relaxed,NaN,86,50,50,53,53
200,relaxed,NaN,87,51,51,54,54
200,relaxed,NaN,88,52,52,54,54
200,relaxed,NaN,89,53,52,55,55
200,relaxed,NaN,90,54,53,56,56
200,relaxed,NaN,91,54,54,57,57
200,relaxed,NaN,92,55,55,58,58
200,relaxed,NaN,93,55,55,58,58
200,relaxed,NaN,94,57,57,59,59
200,relaxed,NaN,95,58,57,59,59
200,relaxed,NaN,96,59,58,61,61
200,relaxed,NaN,97,59,58,61,61
200,relaxed,NaN,98,60,60,62,62
200,relaxed,NaN,99,60,60,62,62
200,relaxed,NaN,100,60,61,63,63
200,relaxed,NaN,101,62,62,64,64
200,plain,101,1,1,1,1,1
200,plain,101,2,3,3,3,3
200,plain,101,3,6,6,6,6
200,plain,101,4,9,9,9,9
200,plain,101,5,10,10,10,10
200,plain,101,6,12,12,12,12
200,plain,101,7,13,13,13,13
200,plain,101,8,15,15,15,15
200,plain,101,9,15,15,15,15
200,plain,101,10,16,16,16,16
200,plain,101,11,17,17,17,17
200,plain,101,12,17,17,17,17
200,plain,101,13,18,18,18,18
200,plain,101,14,19,19,19,19
200,plain,101,15,19,19,19,19
200,plain,101,16,20,20,20,20
200,plain,101,17,21,21,21,21
200,plain,101,18,21,21,21,21
200,plain,101,19,21,21,21,21
200,plain,101,20,21,21,21,21
200,plain,101,21,22,22,22,22
200,plain,101,22,22,22,22,22
200,plain,101,23,23,23,23,23
200,plain,101,24,23,23,23,23
200,plain,101,25,23,23,23,23
200,plain,101,26,24,24,24,24
200,plain,101,27,25,25,25,25
200,plain,101,28,25,25,25,25
200,plain,101,29,26,26,26,26
200,plain,101,30,26,26,26,26
200,plain,101,31,26,26,26,26
200,plain,101,32,27,27,27,27
200,plain,101,33,27,27,27,27
200,plain,101,34,27,27,27,27
200,plain,101,35,28,28,28,28
200,plain,101,36,28,28,28,28
200,plain,101,37,28,28,28,28
200,plain,101,38,29,29,29,29
200,plain,101,39,29,29,29,29
200,plain,101,40,30,30,30,30
200,plain,101,41,30,30,30,30
200,plain,101,42,30,30,30,30
200,plain,101,43,30,30,30,30
200,plain,101,44,31,31,31,31
200,plain,101,45,32,32,32,32
200,plain,101,46,32,32,32,32
200,plain,101,47,32,32,32,32
200,plain,101,48,32,32,32,32
200,plain,101,49,32,32,32,32
200,plain,101,50,32,32,32,32
200,plain,101,51,33,33,33,33
200,plain,101,52,33,33,33,33
200,plain,101,53,33,32,32,33
200,plain,101,54,34,34,34,34
200,plain,101,55,34,34,34,34
200,plain,101,56,34,34,34,34
200,plain,101,57,34,34,34,34
200,plain,101,58,34,34,34,34
200,plain,101,59,35,35,35,35
200,plain,101,60,35,35,35,35
200,plain,101,61,36,36,36,36
200,plain,101,62,36,36,36,36
200,plain,101,63,36,36,36,36
200,plain,101,64,36,36,36,36
200,plain,101,65,36,36,36,36
200,plain,101,66,37,37,37,37
200,plain,101,67,37,37,37,37
200,plain,101,68,38,38,38,38
200,plain,101,69,38,38,38,38
200,plain,101,70,39,39,39,39
200,plain,101,71,39,39,39,39
200,plain,101,72,39,40,40,40
200,plain,101,73,39,40,40,40
200,plain,101,74,39,40,40,40
200,plain,101,75,39,40,40,40
200,plain,101,76,39,40,40,40
200,plain,101,77,39,40,40,40
200,plain,101,78,40,40,40,40
200,plain,101,79,40,40,40,40
200,plain,101,80,40,41,41,41
200,plain,101,81,40,41,41,41
200,plain,101,82,40,41,41,41
200,plain,101,83,40,41,41,41
200,plain,101,84,41,41,41,41
200,plain,101,85,41,41,41,41
200,plain,101,86,42,42,42,42
200,plain,101,87,42,42,42,42
200,plain,101,88,42,42,42,42
200,plain,101,89,42,42,42,42
200,plain,101,90,43,43,43,43
200,plain,101,91,43,43,42,43
200,plain,101,92,44,44,44,44
200,plain,101,93,43,44,44,44
200,plain,101,94,44,44,44,44
200,plain,101,95,43,44,44,44
200,plain,101,96,46,45,46,46
200,plain,101,97,46,45,46,46
200,plain,101,98,46,46,46,46
200,plain,101,99,46,46,46,46
200,plain,101,100,46,46,46,46
200,plain,202,1,1,1,1,1
200,plain,202,2,3,3,3,3
200,plain,202,3,6,6,6,6
200,plain,202,4,9,9,9,9
200,plain,202,5,10,10,10,10
200,plain,202,6,12,12,12,12
200,plain,202,7,13,13,13,13
200,plain,202,8,15,15,15,15
200,plain,202,9,15,15,15,15
200,plain,202,10,16,16,16,16
200,plain,202,11,17,17,17,17
200,plain,202,12,17,17,17,17
200,plain,202,13,18,18,18,18
200,plain,202,14,19,19,19,19
200,plain,202,15,19,19,19,19
200,plain,202,16,20,20,20,20
200,plain,202,17,21,21,21,21
200,plain,202,18,21,21,21,21
200,plain,202,19,21,21,21,21
200,plain,202,20,21,21,21,21
200,plain,202,21,22,22,22,22
200,plain,202,22,22,22,22,22
200,plain,202,23,23,23,23,23
200,plain,202,24,23,23,23,23
200,plain,202,25,23,23,23,23
200,plain,202,26,24,24,24,24
200,plain,202,27,25,25,25,25
200,plain,202,28,25,25,25,25
200,plain,202,29,26,26,26,26
200,plain,202,30,26,26,26,26
200,plain,202,31,26,26,26,26
200,plain,202,32,27,27,27,27
200,plain,202,33,27,27,27,27
200,plain,202,34,27,27,27,27
200,plain,202,35,28,28,28,28
200,plain,202,36,28,28,28,28
200,plain,202,37,28,28,28,28
200,plain,202,38,29,29,29,29
200,plain,202,39,29,29,29,29
200,plain,202,40,30,30,30,30
200,plain,202,41,30,30,30,30
200,plain,202,42,30,30,30,30
200,plain,202,43,30,30,30,30
200,plain,202,44,31,31,31,31
200,plain,202,45,32,32,32,32
200,plain,202,46,32,32,32,32
200,plain,202,47,32,32,32,32
200,plain,202,48,32,32,32,32
200,plain,202,49,32,32,32,32
200,plain,202,50,32,32,32,32
200,plain,202,51,33,33,33,33
200,plain,202,52,33,33,33,33
200,plain,202,53,33,32,32,33
200,plain,202,54,34,34,34,34
200,plain,202,55,34,34,34,34
200,plain,202,56,34,34,34,34
200,plain,202,57,34,34,34,34
200,plain,202,58,34,34,34,34
200,plain,202,59,35,35,35,35
200,plain,202,60,35,35,35,35
200,plain,202,61,36,36,36,36
200,plain,202,62,36,36,36,36
200,plain,202,63,36,36,36,36
200,plain,202,64,36,36,36,36
200,plain,202,65,36,36,36,36
200,plain,202,66,37,37,37,37
200,plain,202,67,37,37,37,37
200,plain,202,68,38,38,38,38
200,plain,202,69,38,38,38,38
200,plain,202,70,39,39,39,39
200,plain,202,71,39,39,39,39
200,plain,202,72,39,40,40,40
200,plain,202,73,39,40,40,40
200,plain,202,74,39,40,40,40
200,plain,202,75,39,40,40,40
200,plain,202,76,39,40,40,40
200,plain,202,77,39,40,40,40
200,plain,202,78,40,40,40,40
200,plain,202,79,40,40,40,40
200,plain,202,80,40,41,41,41
200,plain,202,81,40,41,41,41
200,plain,202,82,40,41,41,41
200,plain,202,83,40,41,41,41
200,plain,202,84,41,41,41,41
200,plain,202,85,41,41,41,41
200,plain,202,86,42,42,42,42
200,plain,202,87,42,42,42,42
200,plain,202,88,42,42,42,42
200,plain,202,89,42,42,42,42
200,plain,202,90,43,43,43,43
200,plain,202,91,43,43,42,43
200,plain,202,92,44,44,44,44
200,plain,202,93,43,44,44,44
200,plain,202,94,44,44,44,44
200,plain,202,95,43,44,44,44
200,plain,202,96,46,45,46,46
200,plain,202,97,46,45,46,46
200,plain,202,98,46,46,46,46
200,plain,202,99,46,46,46,46
200,plain,202,100,46,46,46,46
200,plain,303,1,1,1,1,1
200,plain,303,2,3,3,3,3
200,plain,303,3,6,6,6,6
200,plain,303,4,9,9,9,9
200,plain,303,5,10,10,10,10
200,plain,303,6,12,12,12,12
200,plain,303,7,13,13,13,13
200,plain,303,8,15,15,15,15
200,plain,303,9,15,15,15,15
200,plain,303,10,16,16,16,16
200,plain,303,11,17,17,17,17
200,plain,303,12,17,17,17,17
200,plain,303,13,18,18,18,18
200,plain,303,14,19,19,19,19
200,plain,303,15,19,19,19,19
200,plain,303,16,20,20,20,20
200,plain,303,17,21,21,21,21
200,plain,303,18,21,21,21,21
200,plain,303,19,21,21,21,21
200,plain,303,20,21,21,21,21
200,plain,303,21,22,22,22,22
200,plain,303,22,22,22,22,22
200,plain,303,23,23,23,23,23
200,plain,303,24,23,23,23,23
200,plain,303,25,23,23,23,23
200,plain,303,26,24,24,24,24
200,plain,303,27,25,25,25,25
200,plain,303,28,25,25,25,25
200,plain,303,29,26,26,26,26
200,plain,303,30,26,26,26,26
200,plain,303,31,26,26,26,26
200,plain,303,32,27,27,27,27
200,plain,303,33,27,27,27,27
200,plain,303,34,27,27,27,27
200,plain,303,35,28,28,28,28
200,plain,303,36,28,28,28,28
200,plain,303,37,28,28,28,28
200,plain,303,38,29,29,29,29
200,plain,303,39,29,29,29,29
200,plain,303,40,30,30,30,30
200,plain,303,41,30,30,30,30
200,plain,303,42,30,30,30,30
200,plain,303,43,30,30,30,30
200,plain,303,44,31,31,31,31
200,plain,303,45,32,32,32,32
200,plain,303,46,32,32,32,32
200,plain,303,47,32,32,32,32
200,plain,303,48,32,32,32,32
200,plain,303,49,32,32,32,32
200,plain,303,50,32,32,32,32
200,plain,303,51,33,33,33,33
200,plain,303,52,33,33,33,33
200,plain,303,53,33,32,32,33
200,plain,303,54,34,34,34,34
200,plain,303,55,34,34,34,34
200,plain,303,56,34,34,34,34
200,plain,303,57,34,34,34,34
200,plain,303,58,34,34,34,34
200,plain,303,59,35,35,35,35
200,plain,303,60,35,35,35,35
200,plain,303,61,36,36,36,36
200,plain,303,62,36,36,36,36
200,plain,303,63,36,36,36,36
200,plain,303,64,36,36,36,36
200,plain,303,65,36,36,36,36
200,plain,303,66,37,37,37,37
200,plain,303,67,37,37,37,37
200,plain,303,68,38,38,38,38
200,plain,303,69,38,38,38,38
200,plain,303,70,39,39,39,39
200,plain,303,71,39,39,39,39
200,plain,303,72,39,40,40,40
200,plain,303,73,39,40,40,40
200,plain,303,74,39,40,40,40
200,plain,303,75,39,40,40,40
200,plain,303,76,39,40,40,40
200,plain,303,77,39,40,40,40
200,plain,303,78,40,40,40,40
200,plain,303,79,40,40,40,40
200,plain,303,80,40,41,41,41
200,plain,303,81,40,41,41,41
200,plain,303,82,40,41,41,41
200,plain,303,83,40,41,41,41
200,plain,303,84,41,41,41,41
200,plain,303,85,41,41,41,41
200,plain,303,86,42,42,42,42
200,plain,303,87,42,42,42,42
200,plain,303,88,42,42,42,42
200,plain,303,89,42,42,42,42
200,plain,303,90,43,43,43,43
200,plain,303,91,43,43,42,43
200,plain,303,92,44,44,44,44
200,plain,303,93,43,44,44,44
200,plain,303,94,44,44,44,44
200,plain,303,95,43,44,44,44
200,plain,303,96,46,45,46,46
200,plain,303,97,46,45,46,46
200,plain,303,98,46,46,46,46
200,plain,303,99,46,46,46,46
200,plain,303,100,46,46,46,46
200,plain,404,1,1,1,1,1
200,plain,404,2,3,3,3,3
200,plain,404,3,6,6,6,6
200,plain,404,4,9,9,9,9
200,plain,404,5,10,10,10,10
200,plain,404,6,12,12,12,12
200,plain,404,7,13,13,13,13
200,plain,404,8,15,15,15,15
200,plain,404,9,15,15,15,15
200,plain,404,10,16,16,16,16
200,plain,404,11,17,17,17,17
200,plain,404,12,17,17,17,17
200,plain,404,13,18,18,18,18
200,plain,404,14,19,19,19,19
200,plain,404,15,19,19,19,19
200,plain,404,16,20,20,20,20
200,plain,404,17,21,21,21,21
200,plain,404,18,21,21,21,21
200,plain,404,19,21,21,21,21
200,plain,404,20,21,21,21,21
200,plain,404,21,22,22,22,22
200,plain,404,22,22,22,22,22
200,plain,404,23,23,23,23,23
200,plain,404,24,23,23,23,23
200,plain,404,25,23,23,23,23
200,plain,404,26,24,24,24,24
200,plain,404,27,25,25,25,25
200,plain,404,28,25,25,25,25
200,plain,404,29,26,26,26,26
200,plain,404,30,26,26,26,26
200,plain,404,31,26,26,26,26
200,plain,404,32,27,27,27,27
200,plain,404,33,27,27,27,27
200,plain,404,34,27,27,27,27
200,plain,404,35,28,28,28,28
200,plain,404,36,28,28,28,28
200,plain,404,37,28,28,28,28
200,plain,404,38,29,29,29,29
200,plain,404,39,29,29,29,29
200,plain,404,40,30,30,30,30
200,plain,404,41,30,30,30,30
200,plain,404,42,30,30,30,30
200,plain,404,43,30,30,30,30
200,plain,404,44,31,31,31,31
200,plain,404,45,32,32,32,32
200,plain,404,46,32,32,32,32
200,plain,404,47,32,32,32,32
200,plain,404,48,32,32,32,32
200,plain,404,49,32,32,32,32
200,plain,404,50,32,32,32,32
200,plain,404,51,33,33,33,33
200,plain,404,52,33,33,33,33
200,plain,404,53,33,32,32,33
200,plain,404,54,34,34,34,34
200,plain,404,55,34,34,34,34
200,plain,404,56,34,34,34,34
200,plain,404,57,34,34,34,34
200,plain,404,58,34,34,34,34
200,plain,404,59,35,35,35,35
200,plain,404,60,35,35,35,35
200,plain,404,61,36,36,36,36
200,plain,404,62,36,36,36,36
200,plain,404,63,36,36,36,36
200,plain,404,64,36,36,36,36
200,plain,404,65,36,36,36,36
200,plain,404,66,37,37,37,37
200,plain,404,67,37,37,37,37
200,plain,404,68,38,38,38,38
200,plain,404,69,38,38,38,38
200,plain,404,70,39,39,39,39
200,plain,404,71,39,39,39,39
200,plain,404,72,39,40,40,40
200,plain,404,73,39,40,40,40
200,plain,404,74,39,40,40,40
200,plain,404,75,39,40,40,40
200,plain,404,76,39,40,40,40
200,plain,404,77,39,40,40,40
200,plain,404,78,40,40,40,40
200,plain,404,79,40,40,40,40
200,plain,404,80,40,41,41,41
200,plain,404,81,40,41,41,41
200,plain,404,82,40,41,41,41
200,plain,404,83,40,41,41,41
200,plain,404,84,41,41,41,41
200,plain,404,85,41,41,41,41
200,plain,404,86,42,42,42,42
200,plain,404,87,42,42,42,42
200,plain,404,88,42,42,42,42
200,plain,404,89,42,42,42,42
200,plain,404,90,43,43,43,43
200,plain,404,91,43,43,42,43
200,plain,404,92,44,44,44,44
200,plain,404,93,43,44,44,44
200,plain,404,94,44,44,44,44
200,plain,404,95,43,44,44,44
200,plain,404,96,46,45,46,46
200,plain,404,97,46,45,46,46
200,plain,404,98,46,46,46,46
200,plain,404,99,46,46,46,46
200,plain,404,100,46,46,46,46
200,plain,505,1,1,1,1,1
200,plain,505,2,3,3,3,3
200,plain,505,3,6,6,6,6
200,plain,505,4,9,9,9,9
200,plain,505,5,10,10,10,10
200,plain,505,6,12,12,12,12
200,plain,505,7,13,13,13,13
200,plain,505,8,15,15,15,15
200,plain,505,9,15,15,15,15
200,plain,505,10,16,16,16,16
200,plain,505,11,17,17,17,17
200,plain,505,12,17,17,17,17
200,plain,505,13,18,18,18,18
200,plain,505,14,19,19,19,19
200,plain,505,15,19,19,19,19
200,plain,505,16,20,20,20,20
200,plain,505,17,21,21,21,21
200,plain,505,18,21,21,21,21
200,plain,505,19,21,21,21,21
200,plain,505,20,21,21,21,21
200,plain,505,21,22,22,22,22
200,plain,505,22,22,22,22,22
200,plain,505,23,23,23,23,23
200,plain,505,24,23,23,23,23
200,plain,505,25,23,23,23,23
200,plain,505,26,24,24,24,24
200,plain,505,27,25,25,25,25
200,plain,505,28,25,25,25,25
200,plain,505,29,26,26,26,26
200,plain,505,30,26,26,26,26
200,plain,505,31,26,26,26,26
200,plain,505,32,27,27,27,27
200,plain,505,33,27,27,27,27
200,plain,505,34,27,27,27,27
200,plain,505,35,28,28,28,28
200,plain,505,36,28,28,28,28
200,plain,505,37,28,28,28,28
200,plain,505,38,29,29,29,29
200,plain,505,39,29,29,29,29
200,plain,505,40,30,30,30,30
200,plain,505,41,30,30,30,30
200,plain,505,42,30,30,30,30
200,plain,505,43,30,30,30,30
200,plain,505,44,31,31,31,31
200,plain,505,45,32,32,32,32
200,plain,505,46,32,32,32,32
200,plain,505,47,32,32,32,32
200,plain,505,48,32,32,32,32
200,plain,505,49,32,32,32,32
200,plain,505,50,32,32,32,32
200,plain,505,51,33,33,33,33
200,plain,505,52,33,33,33,33
200,plain,505,53,33,32,32,33
200,plain,505,54,34,34,34,34
200,plain,505,55,34,34,34,34
200,plain,505,56,34,34,34,34
200,plain,505,57,34,34,34,34
200,plain,505,58,34,34,34,34
200,plain,505,59,35,35,35,35
200,plain,505,60,35,35,35,35
200,plain,505,61,36,36,36,36
200,plain,505,62,36,36,36,36
200,plain,505,63,36,36,36,36
200,plain,505,64,36,36,36,36
200,plain,505,65,36,36,36,36
200,plain,505,66,37,37,37,37
200,plain,505,67,37,37,37,37
200,plain,505,68,38,38,38,38
200,plain,505,69,38,38,38,38
200,plain,505,70,39,39,39,39
200,plain,505,71,39,39,39,39
200,plain,505,72,39,40,40,40
200,plain,505,73,39,40,40,40
200,plain,505,74,39,40,40,40
200,plain,505,75,39,40,40,40
200,plain,505,76,39,40,40,40
200,plain,505,77,39,40,40,40
200,plain,505,78,40,40,40,40
200,plain,505,79,40,40,40,40
200,plain,505,80,40,41,41,41
200,plain,505,81,40,41,41,41
200,plain,505,82,40,41,41,41
200,plain,505,83,40,41,41,41
200,plain,505,84,41,41,41,41
200,plain,505,85,41,41,41,41
200,plain,505,86,42,42,42,42
200,plain,505,87,42,42,42,42
200,plain,505,88,42,42,42,42
200,plain,505,89,42,42,42,42
200,plain,505,90,43,43,43,43
200,plain,505,91,43,43,42,43
200,plain,505,92,44,44,44,44
200,plain,505,93,43,44,44,44
200,plain,505,94,44,44,44,44
200,plain,505,95,43,44,44,44
200,plain,505,96,46,45,46,46
200,plain,505,97,46,45,46,46
200,plain,505,98,46,46,46,46
200,plain,505,99,46,46,46,46
200,plain,505,100,46,46,46,46
200,rhosvd_sgmres,101,1,1,1,1,1
200,rhosvd_sgmres,101,2,3,3,3,3
200,rhosvd_sgmres,101,3,6,6,6,6
200,rhosvd_sgmres,101,4,9,9,9,9
200,rhosvd_sgmres,101,5,10,10,10,10
200,rhosvd_sgmres,101,6,12,12,12,12
200,rhosvd_sgmres,101,7,13,13,13,13
200,rhosvd_sgmres,101,8,15,15,15,15
200,rhosvd_sgmres,101,9,15,15,15,15
200,rhosvd_sgmres,101,10,16,16,16,16
200,rhosvd_sgmres,101,11,17,17,17,17
200,rhosvd_sgmres,101,12,17,17,17,17
200,rhosvd_sgmres,101,13,18,18,18,18
200,rhosvd_sgmres,101,14,18,18,18,18
200,rhosvd_sgmres,101,15,19,19,19,19
200,rhosvd_sgmres,101,16,20,20,20,20
200,rhosvd_sgmres,101,17,21,21,21,21
200,rhosvd_sgmres,101,18,21,21,21,21
200,rhosvd_sgmres,101,19,21,21,21,21
200,rhosvd_sgmres,101,20,21,21,21,21
200,rhosvd_sgmres,101,21,22,22,22,22
200,rhosvd_sgmres,101,22,22,22,22,22
200,rhosvd_sgmres,101,23,23,23,23,23
200,rhosvd_sgmres,101,24,24,24,24,24
200,rhosvd_sgmres,101,25,24,24,24,24
200,rhosvd_sgmres,101,26,24,24,24,24
200,rhosvd_sgmres,101,27,25,25,25,25
200,rhosvd_sgmres,101,28,25,25,25,25
200,rhosvd_sgmres,101,29,26,26,26,26
200,rhosvd_sgmres,101,30,26,26,26,26
200,rhosvd_sgmres,101,31,27,27,27,27
200,rhosvd_sgmres,101,32,27,27,27,27
200,rhosvd_sgmres,101,33,27,27,27,27
200,rhosvd_sgmres,101,34,28,28,28,28
200,rhosvd_sgmres,101,35,29,29,29,29
200,rhosvd_sgmres,101,36,29,29,29,29
200,rhosvd_sgmres,101,37,29,29,29,29
200,rhosvd_sgmres,101,38,30,30,30,30
200,rhosvd_sgmres,101,39,31,31,31,31
200,rhosvd_sgmres,101,40,31,31,31,31
200,rhosvd_sgmres,101,41,31,31,31,31
200,rhosvd_sgmres,101,42,31,31,31,31
200,rhosvd_sgmres,101,43,32,32,32,32
200,rhosvd_sgmres,101,44,32,32,32,32
200,rhosvd_sgmres,101,45,32,32,32,32
200,rhosvd_sgmres,101,46,33,33,33,33
200,rhosvd_sgmres,101,47,34,33,33,34
200,rhosvd_sgmres,101,48,34,33,33,34
200,rhosvd_sgmres,101,49,34,35,35,35
200,rhosvd_sgmres,101,50,34,35,35,35
200,rhosvd_sgmres,101,51,35,35,35,35
200,rhosvd_sgmres,101,52,35,35,35,35
200,rhosvd_sgmres,101,53,35,35,35,35
200,rhosvd_sgmres,101,54,36,36,36,36
200,rhosvd_sgmres,101,55,36,37,37,37
200,rhosvd_sgmres,101,56,37,37,37,37
200,rhosvd_sgmres,101,57,37,37,37,37
200,rhosvd_sgmres,101,58,37,37,37,37
200,rhosvd_sgmres,101,59,37,38,38,38
200,rhosvd_sgmres,101,60,37,38,38,38
200,rhosvd_sgmres,101,61,38,39,39,39
200,rhosvd_sgmres,101,62,38,39,39,39
200,rhosvd_sgmres,101,63,38,39,39,39
200,rhosvd_sgmres,101,64,38,39,39,39
200,rhosvd_sgmres,101,65,39,39,39,39
200,rhosvd_sgmres,101,66,40,40,39,40
200,rhosvd_sgmres,101,67,40,40,39,40
200,rhosvd_sgmres,101,68,41,41,41,41
200,rhosvd_sgmres,101,69,41,40,41,41
200,rhosvd_sgmres,101,70,42,42,42,42
200,rhosvd_sgmres,101,71,42,42,42,42
200,rhosvd_sgmres,101,72,42,43,42,43
200,rhosvd_sgmres,101,73,42,43,42,43
200,rhosvd_sgmres,101,74,43,43,42,43
200,rhosvd_sgmres,101,75,43,43,42,43
200,rhosvd_sgmres,101,76,43,43,43,43
200,rhosvd_sgmres,101,77,43,43,43,43
200,rhosvd_sgmres,101,78,43,43,43,43
200,rhosvd_sgmres,101,79,43,43,43,43
200,rhosvd_sgmres,101,80,44,44,43,44
200,rhosvd_sgmres,101,81,45,45,43,45
200,rhosvd_sgmres,101,82,45,46,44,46
200,rhosvd_sgmres,101,83,45,46,44,46
200,rhosvd_sgmres,101,84,46,46,44,46
200,rhosvd_sgmres,101,85,47,46,44,47
200,rhosvd_sgmres,101,86,47,46,45,47
200,rhosvd_sgmres,101,87,47,46,45,47
200,rhosvd_sgmres,101,88,48,47,46,48
200,rhosvd_sgmres,101,89,48,47,46,48
200,rhosvd_sgmres,101,90,49,48,47,49
200,rhosvd_sgmres,101,91,49,48,47,49
200,rhosvd_sgmres,101,92,50,49,47,50
200,rhosvd_sgmres,101,93,50,49,47,50
200,rhosvd_sgmres,101,94,50,49,48,50
200,rhosvd_sgmres,101,95,50,49,47,50
200,rhosvd_sgmres,101,96,51,51,49,51
200,rhosvd_sgmres,101,97,51,51,49,51
200,rhosvd_sgmres,101,98,52,51,49,52
200,rhosvd_sgmres,101,99,52,51,49,52
200,rhosvd_sgmres,101,100,53,51,50,53
200,rhosvd_sgmres,202,1,1,1,1,1
200,rhosvd_sgmres,202,2,3,3,3,3
200,rhosvd_sgmres,202,3,6,6,6,6
200,rhosvd_sgmres,202,4,9,9,9,9
200,rhosvd_sgmres,202,5,10,10,10,10
200,rhosvd_sgmres,202,6,12,12,12,12
200,rhosvd_sgmres,202,7,13,13,13,13
200,rhosvd_sgmres,202,8,15,15,15,15
200,rhosvd_sgmres,202,9,15,15,15,15
200,rhosvd_sgmres,202,10,16,16,16,16
200,rhosvd_sgmres,202,11,17,17,17,17
200,rhosvd_sgmres,202,12,17,17,17,17
200,rhosvd_sgmres,202,13,18,18,18,18
200,rhosvd_sgmres,202,14,18,18,18,18
200,rhosvd_sgmres,202,15,19,19,19,19
200,rhosvd_sgmres,202,16,20,20,20,20
200,rhosvd_sgmres,202,17,21,21,21,21
200,rhosvd_sgmres,202,18,21,21,21,21
200,rhosvd_sgmres,202,19,21,21,21,21
200,rhosvd_sgmres,202,20,21,21,21,21
200,rhosvd_sgmres,202,21,22,22,22,22
200,rhosvd_sgmres,202,22,22,22,22,22
200,rhosvd_sgmres,202,23,23,23,23,23
200,rhosvd_sgmres,202,24,24,24,24,24
200,rhosvd_sgmres,202,25,24,24,24,24
200,rhosvd_sgmres,202,26,24,24,24,24
200,rhosvd_sgmres,202,27,25,25,25,25
200,rhosvd_sgmres,202,28,25,25,25,25
200,rhosvd_sgmres,202,29,26,26,26,26
200,rhosvd_sgmres,202,30,26,26,26,26
200,rhosvd_sgmres,202,31,27,27,27,27
200,rhosvd_sgmres,202,32,27,27,27,27
200,rhosvd_sgmres,202,33,27,27,27,27
200,rhosvd_sgmres,202,34,28,28,28,28
200,rhosvd_sgmres,202,35,29,29,29,29
200,rhosvd_sgmres,202,36,29,29,29,29
200,rhosvd_sgmres,202,37,29,29,29,29
200,rhosvd_sgmres,202,38,30,30,30,30
200,rhosvd_sgmres,202,39,31,31,31,31
200,rhosvd_sgmres,202,40,31,31,31,31
200,rhosvd_sgmres,202,41,31,31,31,31
200,rhosvd_sgmres,202,42,31,31,31,31
200,rhosvd_sgmres,202,43,32,32,32,32
200,rhosvd_sgmres,202,44,32,32,32,32
200,rhosvd_sgmres,202,45,32,32,32,32
200,rhosvd_sgmres,202,46,33,33,33,33
200,rhosvd_sgmres,202,47,34,33,33,34
200,rhosvd_sgmres,202,48,34,33,33,34
200,rhosvd_sgmres,202,49,34,35,35,35
200,rhosvd_sgmres,202,50,34,35,35,35
200,rhosvd_sgmres,202,51,35,35,35,35
200,rhosvd_sgmres,202,52,35,35,35,35
200,rhosvd_sgmres,202,53,35,35,35,35
200,rhosvd_sgmres,202,54,36,36,36,36
200,rhosvd_sgmres,202,55,36,37,37,37
200,rhosvd_sgmres,202,56,37,37,37,37
200,rhosvd_sgmres,202,57,37,37,37,37
200,rhosvd_sgmres,202,58,37,37,37,37
200,rhosvd_sgmres,202,59,37,38,38,38
200,rhosvd_sgmres,202,60,37,38,38,38
200,rhosvd_sgmres,202,61,38,39,39,39
200,rhosvd_sgmres,202,62,38,39,39,39
200,rhosvd_sgmres,202,63,38,39,39,39
200,rhosvd_sgmres,202,64,38,39,39,39
200,rhosvd_sgmres,202,65,39,39,39,39
200,rhosvd_sgmres,202,66,40,39,39,40
200,rhosvd_sgmres,202,67,40,39,39,40
200,rhosvd_sgmres,202,68,41,41,41,41
200,rhosvd_sgmres,202,69,41,41,41,41
200,rhosvd_sgmres,202,70,42,42,42,42
200,rhosvd_sgmres,202,71,42,42,42,42
200,rhosvd_sgmres,202,72,42,42,42,42
200,rhosvd_sgmres,202,73,42,42,42,42
200,rhosvd_sgmres,202,74,43,42,42,43
200,rhosvd_sgmres,202,75,43,42,42,43
200,rhosvd_sgmres,202,76,43,43,43,43
200,rhosvd_sgmres,202,77,43,43,43,43
200,rhosvd_sgmres,202,78,43,43,43,43
200,rhosvd_sgmres,202,79,43,43,43,43
200,rhosvd_sgmres,202,80,44,43,43,44
200,rhosvd_sgmres,202,81,45,43,43,45
200,rhosvd_sgmres,202,82,45,44,44,45
200,rhosvd_sgmres,202,83,45,44,44,45
200,rhosvd_sgmres,202,84,46,45,45,46
200,rhosvd_sgmres,202,85,47,45,45,47
200,rhosvd_sgmres,202,86,47,46,45,47
200,rhosvd_sgmres,202,87,47,46,45,47
200,rhosvd_sgmres,202,88,48,46,46,48
200,rhosvd_sgmres,202,89,48,46,46,48
200,rhosvd_sgmres,202,90,49,47,48,49
200,rhosvd_sgmres,202,91,49,47,48,49
200,rhosvd_sgmres,202,92,51,48,49,51
200,rhosvd_sgmres,202,93,50,48,49,50
200,rhosvd_sgmres,202,94,51,48,50,51
200,rhosvd_sgmres,202,95,51,48,49,51
200,rhosvd_sgmres,202,96,52,50,51,52
200,rhosvd_sgmres,202,97,52,50,51,52
200,rhosvd_sgmres,202,98,53,50,51,53
200,rhosvd_sgmres,202,99,53,51,51,53
200,rhosvd_sgmres,202,100,53,51,51,53
200,rhosvd_sgmres,303,1,1,1,1,1
200,rhosvd_sgmres,303,2,3,3,3,3
200,rhosvd_sgmres,303,3,6,6,6,6
200,rhosvd_sgmres,303,4,9,9,9,9
200,rhosvd_sgmres,303,5,10,10,10,10
200,rhosvd_sgmres,303,6,12,12,12,12
200,rhosvd_sgmres,303,7,13,13,13,13
200,rhosvd_sgmres,303,8,15,15,15,15
200,rhosvd_sgmres,303,9,15,15,15,15
200,rhosvd_sgmres,303,10,16,16,16,16
200,rhosvd_sgmres,303,11,17,17,17,17
200,rhosvd_sgmres,303,12,17,17,17,17
200,rhosvd_sgmres,303,13,18,18,18,18
200,rhosvd_sgmres,303,14,18,18,18,18
200,rhosvd_sgmres,303,15,19,19,19,19
200,rhosvd_sgmres,303,16,20,20,20,20
200,rhosvd_sgmres,303,17,21,21,21,21
200,rhosvd_sgmres,303,18,21,21,21,21
200,rhosvd_sgmres,303,19,21,21,21,21
200,rhosvd_sgmres,303,20,21,21,21,21
200,rhosvd_sgmres,303,21,22,22,22,22
200,rhosvd_sgmres,303,22,22,22,22,22
200,rhosvd_sgmres,303,23,23,23,23,23
200,rhosvd_sgmres,303,24,24,24,24,24
200,rhosvd_sgmres,303,25,24,24,24,24
200,rhosvd_sgmres,303,26,24,24,24,24
200,rhosvd_sgmres,303,27,25,25,25,25
200,rhosvd_sgmres,303,28,25,25,25,25
200,rhosvd_sgmres,303,29,26,26,26,26
200,rhosvd_sgmres,303,30,26,26,26,26
200,rhosvd_sgmres,303,31,27,27,27,27
200,rhosvd_sgmres,303,32,27,27,27,27
200,rhosvd_sgmres,303,33,27,27,27,27
200,rhosvd_sgmres,303,34,28,28,28,28
200,rhosvd_sgmres,303,35,29,29,29,29
200,rhosvd_sgmres,303,36,29,29,29,29
200,rhosvd_sgmres,303,37,29,29,29,29
200,rhosvd_sgmres,303,38,30,30,30,30
200,rhosvd_sgmres,303,39,31,31,31,31
200,rhosvd_sgmres,303,40,31,31,31,31
200,rhosvd_sgmres,303,41,31,31,31,31
200,rhosvd_sgmres,303,42,31,31,31,31
200,rhosvd_sgmres,303,43,32,32,32,32
200,rhosvd_sgmres,303,44,32,32,32,32
200,rhosvd_sgmres,303,45,32,32,32,32
200,rhosvd_sgmres,303,46,33,33,33,33
200,rhosvd_sgmres,303,47,34,33,33,34
200,rhosvd_sgmres,303,48,34,33,33,34
200,rhosvd_sgmres,303,49,34,35,35,35
200,rhosvd_sgmres,303,50,34,35,35,35
200,rhosvd_sgmres,303,51,35,35,35,35
200,rhosvd_sgmres,303,52,35,35,35,35
200,rhosvd_sgmres,303,53,35,35,35,35
200,rhosvd_sgmres,303,54,36,36,36,36
200,rhosvd_sgmres,303,55,36,37,37,37
200,rhosvd_sgmres,303,56,37,37,37,37
200,rhosvd_sgmres,303,57,37,37,37,37
200,rhosvd_sgmres,303,58,37,37,37,37
200,rhosvd_sgmres,303,59,37,38,38,38
200,rhosvd_sgmres,303,60,37,38,38,38
200,rhosvd_sgmres,303,61,38,39,39,39
200,rhosvd_sgmres,303,62,38,39,39,39
200,rhosvd_sgmres,303,63,38,39,39,39
200,rhosvd_sgmres,303,64,38,39,39,39
200,rhosvd_sgmres,303,65,39,39,39,39
200,rhosvd_sgmres,303,66,40,39,39,40
200,rhosvd_sgmres,303,67,40,39,39,40
200,rhosvd_sgmres,303,68,41,41,41,41
200,rhosvd_sgmres,303,69,41,41,41,41
200,rhosvd_sgmres,303,70,42,42,42,42
200,rhosvd_sgmres,303,71,42,42,42,42
200,rhosvd_sgmres,303,72,42,42,42,42
200,rhosvd_sgmres,303,73,42,42,42,42
200,rhosvd_sgmres,303,74,43,42,42,43
200,rhosvd_sgmres,303,75,43,42,42,43
200,rhosvd_sgmres,303,76,43,43,43,43
200,rhosvd_sgmres,303,77,43,43,43,43
200,rhosvd_sgmres,303,78,43,43,43,43
200,rhosvd_sgmres,303,79,43,43,43,43
200,rhosvd_sgmres,303,80,45,43,43,45
200,rhosvd_sgmres,303,81,45,43,43,45
200,rhosvd_sgmres,303,82,46,44,44,46
200,rhosvd_sgmres,303,83,46,44,44,46
200,rhosvd_sgmres,303,84,47,44,44,47
200,rhosvd_sgmres,303,85,48,44,44,48
200,rhosvd_sgmres,303,86,49,46,45,49
200,rhosvd_sgmres,303,87,49,46,45,49
200,rhosvd_sgmres,303,88,49,46,46,49
200,rhosvd_sgmres,303,89,49,46,46,49
200,rhosvd_sgmres,303,90,50,47,47,50
200,rhosvd_sgmres,303,91,50,47,47,50
200,rhosvd_sgmres,303,92,51,47,48,51
200,rhosvd_sgmres,303,93,51,47,48,51
200,rhosvd_sgmres,303,94,51,47,48,51
200,rhosvd_sgmres,303,95,51,47,48,51
200,rhosvd_sgmres,303,96,52,49,50,52
200,rhosvd_sgmres,303,97,52,49,50,52
200,rhosvd_sgmres,303,98,52,49,51,52
200,rhosvd_sgmres,303,99,52,49,51,52
200,rhosvd_sgmres,303,100,52,50,52,52
200,rhosvd_sgmres,404,1,1,1,1,1
200,rhosvd_sgmres,404,2,3,3,3,3
200,rhosvd_sgmres,404,3,6,6,6,6
200,rhosvd_sgmres,404,4,9,9,9,9
200,rhosvd_sgmres,404,5,10,10,10,10
200,rhosvd_sgmres,404,6,12,12,12,12
200,rhosvd_sgmres,404,7,13,13,13,13
200,rhosvd_sgmres,404,8,15,15,15,15
200,rhosvd_sgmres,404,9,15,15,15,15
200,rhosvd_sgmres,404,10,16,16,16,16
200,rhosvd_sgmres,404,11,17,17,17,17
200,rhosvd_sgmres,404,12,17,17,17,17
200,rhosvd_sgmres,404,13,18,18,18,18
200,rhosvd_sgmres,404,14,18,18,18,18
200,rhosvd_sgmres,404,15,19,19,19,19
200,rhosvd_sgmres,404,16,20,20,20,20
200,rhosvd_sgmres,404,17,21,21,21,21
200,rhosvd_sgmres,404,18,21,21,21,21
200,rhosvd_sgmres,404,19,21,21,21,21
200,rhosvd_sgmres,404,20,21,21,21,21
200,rhosvd_sgmres,404,21,22,22,22,22
200,rhosvd_sgmres,404,22,22,22,22,22
200,rhosvd_sgmres,404,23,23,23,23,23
200,rhosvd_sgmres,404,24,24,24,24,24
200,rhosvd_sgmres,404,25,24,24,24,24
200,rhosvd_sgmres,404,26,24,24,24,24
200,rhosvd_sgmres,404,27,25,25,25,25
200,rhosvd_sgmres,404,28,25,25,25,25
200,rhosvd_sgmres,404,29,26,26,26,26
200,rhosvd_sgmres,404,30,26,26,26,26
200,rhosvd_sgmres,404,31,27,27,27,27
200,rhosvd_sgmres,404,32,27,27,27,27
200,rhosvd_sgmres,404,33,27,27,27,27
200,rhosvd_sgmres,404,34,28,28,28,28
200,rhosvd_sgmres,404,35,29,29,29,29
200,rhosvd_sgmres,404,36,29,29,29,29
200,rhosvd_sgmres,404,37,29,29,29,29
200,rhosvd_sgmres,404,38,30,30,30,30
200,rhosvd_sgmres,404,39,31,31,31,31
200,rhosvd_sgmres,404,40,31,31,31,31
200,rhosvd_sgmres,404,41,31,31,31,31
200,rhosvd_sgmres,404,42,31,31,31,31
200,rhosvd_sgmres,404,43,32,32,32,32
200,rhosvd_sgmres,404,44,32,32,32,32
200,rhosvd_sgmres,404,45,32,32,32,32
200,rhosvd_sgmres,404,46,33,33,33,33
200,rhosvd_sgmres,404,47,34,33,33,34
200,rhosvd_sgmres,404,48,34,33,33,34
200,rhosvd_sgmres,404,49,34,35,35,35
200,rhosvd_sgmres,404,50,34,35,35,35
200,rhosvd_sgmres,404,51,35,35,35,35
200,rhosvd_sgmres,404,52,35,35,35,35
200,rhosvd_sgmres,404,53,35,35,35,35
200,rhosvd_sgmres,404,54,36,36,36,36
200,rhosvd_sgmres,404,55,36,37,37,37
200,rhosvd_sgmres,404,56,37,37,37,37
200,rhosvd_sgmres,404,57,37,37,37,37
200,rhosvd_sgmres,404,58,37,37,37,37
200,rhosvd_sgmres,404,59,37,38,38,38
200,rhosvd_sgmres,404,60,37,38,38,38
200,rhosvd_sgmres,404,61,38,39,39,39
200,rhosvd_sgmres,404,62,38,39,39,39
200,rhosvd_sgmres,404,63,38,39,39,39
200,rhosvd_sgmres,404,64,38,39,39,39
200,rhosvd_sgmres,404,65,39,39,39,39
200,rhosvd_sgmres,404,66,40,39,39,40
200,rhosvd_sgmres,404,67,40,39,39,40
200,rhosvd_sgmres,404,68,41,41,41,41
200,rhosvd_sgmres,404,69,41,41,41,41
200,rhosvd_sgmres,404,70,42,42,42,42
200,rhosvd_sgmres,404,71,42,42,42,42
200,rhosvd_sgmres,404,72,42,42,42,42
200,rhosvd_sgmres,404,73,42,42,42,42
200,rhosvd_sgmres,404,74,43,42,42,43
200,rhosvd_sgmres,404,75,43,42,42,43
200,rhosvd_sgmres,404,76,43,43,43,43
200,rhosvd_sgmres,404,77,43,43,43,43
200,rhosvd_sgmres,404,78,43,43,43,43
200,rhosvd_sgmres,404,79,43,43,43,43
200,rhosvd_sgmres,404,80,44,43,43,44
200,rhosvd_sgmres,404,81,45,43,43,45
200,rhosvd_sgmres,404,82,45,44,44,45
200,rhosvd_sgmres,404,83,45,44,44,45
200,rhosvd_sgmres,404,84,46,45,44,46
200,rhosvd_sgmres,404,85,46,45,44,46
200,rhosvd_sgmres,404,86,48,46,46,48
200,rhosvd_sgmres,404,87,48,46,46,48
200,rhosvd_sgmres,404,88,48,46,46,48
200,rhosvd_sgmres,404,89,48,46,47,48
200,rhosvd_sgmres,404,90,49,47,47,49
200,rhosvd_sgmres,404,91,49,47,47,49
200,rhosvd_sgmres,404,92,50,48,48,50
200,rhosvd_sgmres,404,93,50,48,48,50
200,rhosvd_sgmres,404,94,50,48,48,50
200,rhosvd_sgmres,404,95,50,48,48,50
200,rhosvd_sgmres,404,96,52,49,50,52
200,rhosvd_sgmres,404,97,52,49,50,52
200,rhosvd_sgmres,404,98,52,50,50,52
200,rhosvd_sgmres,404,99,53,50,50,53
200,rhosvd_sgmres,404,100,53,51,50,53
200,rhosvd_sgmres,505,1,1,1,1,1
200,rhosvd_sgmres,505,2,3,3,3,3
200,rhosvd_sgmres,505,3,6,6,6,6
200,rhosvd_sgmres,505,4,9,9,9,9
200,rhosvd_sgmres,505,5,10,10,10,10
200,rhosvd_sgmres,505,6,12,12,12,12
200,rhosvd_sgmres,505,7,13,13,13,13
200,rhosvd_sgmres,505,8,15,15,15,15
200,rhosvd_sgmres,505,9,15,15,15,15
200,rhosvd_sgmres,505,10,16,16,16,16
200,rhosvd_sgmres,505,11,17,17,17,17
200,rhosvd_sgmres,505,12,17,17,17,17
200,rhosvd_sgmres,505,13,18,18,18,18
200,rhosvd_sgmres,505,14,18,18,18,18
200,rhosvd_sgmres,505,15,19,19,19,19
200,rhosvd_sgmres,505,16,20,20,20,20
200,rhosvd_sgmres,505,17,21,21,21,21
200,rhosvd_sgmres,505,18,21,21,21,21
200,rhosvd_sgmres,505,19,21,21,21,21
200,rhosvd_sgmres,505,20,21,21,21,21
200,rhosvd_sgmres,505,21,22,22,22,22
200,rhosvd_sgmres,505,22,22,22,22,22
200,rhosvd_sgmres,505,23,23,23,23,23
200,rhosvd_sgmres,505,24,24,24,24,24
200,rhosvd_sgmres,505,25,24,24,24,24
200,rhosvd_sgmres,505,26,24,24,24,24
200,rhosvd_sgmres,505,27,25,25,25,25
200,rhosvd_sgmres,505,28,25,25,25,25
200,rhosvd_sgmres,505,29,26,26,26,26
200,rhosvd_sgmres,505,30,26,26,26,26
200,rhosvd_sgmres,505,31,27,27,27,27
200,rhosvd_sgmres,505,32,27,27,27,27
200,rhosvd_sgmres,505,33,27,27,27,27
200,rhosvd_sgmres,505,34,28,28,28,28
200,rhosvd_sgmres,505,35,29,29,29,29
200,rhosvd_sgmres,505,36,29,29,29,29
200,rhosvd_sgmres,505,37,29,29,29,29
200,rhosvd_sgmres,505,38,30,30,30,30
200,rhosvd_sgmres,505,39,31,31,31,31
200,rhosvd_sgmres,505,40,31,31,31,31
200,rhosvd_sgmres,505,41,31,31,31,31
200,rhosvd_sgmres,505,42,31,31,31,31
200,rhosvd_sgmres,505,43,32,32,32,32
200,rhosvd_sgmres,505,44,32,32,32,32
200,rhosvd_sgmres,505,45,32,32,32,32
200,rhosvd_sgmres,505,46,33,33,33,33
200,rhosvd_sgmres,505,47,34,33,33,34
200,rhosvd_sgmres,505,48,34,33,33,34
200,rhosvd_sgmres,505,49,34,35,35,35
200,rhosvd_sgmres,505,50,34,35,35,35
200,rhosvd_sgmres,505,51,35,35,35,35
200,rhosvd_sgmres,505,52,35,35,35,35
200,rhosvd_sgmres,505,53,35,35,35,35
200,rhosvd_sgmres,505,54,36,36,36,36
200,rhosvd_sgmres,505,55,36,37,37,37
200,rhosvd_sgmres,505,56,37,37,37,37
200,rhosvd_sgmres,505,57,37,37,37,37
200,rhosvd_sgmres,505,58,37,37,37,37
200,rhosvd_sgmres,505,59,37,38,38,38
200,rhosvd_sgmres,505,60,37,38,38,38
200,rhosvd_sgmres,505,61,38,39,39,39
200,rhosvd_sgmres,505,62,38,39,39,39
200,rhosvd_sgmres,505,63,38,39,39,39
200,rhosvd_sgmres,505,64,38,39,39,39
200,rhosvd_sgmres,505,65,39,39,39,39
200,rhosvd_sgmres,505,66,40,40,39,40
200,rhosvd_sgmres,505,67,40,40,39,40
200,rhosvd_sgmres,505,68,41,41,41,41
200,rhosvd_sgmres,505,69,41,40,41,41
200,rhosvd_sgmres,505,70,42,42,42,42
200,rhosvd_sgmres,505,71,42,42,42,42
200,rhosvd_sgmres,505,72,42,43,42,43
200,rhosvd_sgmres,505,73,42,43,42,43
200,rhosvd_sgmres,505,74,42,43,42,43
200,rhosvd_sgmres,505,75,42,43,42,43
200,rhosvd_sgmres,505,76,43,43,43,43
200,rhosvd_sgmres,505,77,43,43,43,43
200,rhosvd_sgmres,505,78,43,43,43,43
200,rhosvd_sgmres,505,79,43,43,43,43
200,rhosvd_sgmres,505,80,43,45,43,45
200,rhosvd_sgmres,505,81,44,45,43,45
200,rhosvd_sgmres,505,82,45,46,44,46
200,rhosvd_sgmres,505,83,45,46,44,46
200,rhosvd_sgmres,505,84,45,46,44,46
200,rhosvd_sgmres,505,85,45,46,44,46
200,rhosvd_sgmres,505,86,46,47,45,47
200,rhosvd_sgmres,505,87,46,47,45,47
200,rhosvd_sgmres,505,88,47,47,46,47
200,rhosvd_sgmres,505,89,47,47,46,47
200,rhosvd_sgmres,505,90,48,48,47,48
200,rhosvd_sgmres,505,91,48,48,47,48
200,rhosvd_sgmres,505,92,50,49,47,50
200,rhosvd_sgmres,505,93,50,49,47,50
200,rhosvd_sgmres,505,94,50,49,47,50
200,rhosvd_sgmres,505,95,50,49,47,50
200,rhosvd_sgmres,505,96,52,51,49,52
200,rhosvd_sgmres,505,97,51,51,49,51
200,rhosvd_sgmres,505,98,52,51,49,52
200,rhosvd_sgmres,505,99,52,51,49,52
200,rhosvd_sgmres,505,100,52,51,50,52
250,fixed,NaN,1,1,1,1,1
250,fixed,NaN,2,3,3,3,3
250,fixed,NaN,3,6,6,6,6
250,fixed,NaN,4,9,9,9,9
250,fixed,NaN,5,10,10,10,10
250,fixed,NaN,6,12,12,12,12
250,fixed,NaN,7,14,14,13,14
250,fixed,NaN,8,15,15,15,15
250,fixed,NaN,9,15,15,15,15
250,fixed,NaN,10,16,16,16,16
250,fixed,NaN,11,17,17,17,17
250,fixed,NaN,12,17,17,17,17
250,fixed,NaN,13,18,18,18,18
250,fixed,NaN,14,19,19,19,19
250,fixed,NaN,15,19,19,19,19
250,fixed,NaN,16,20,20,20,20
250,fixed,NaN,17,21,21,21,21
250,fixed,NaN,18,21,21,21,21
250,fixed,NaN,19,22,22,22,22
250,fixed,NaN,20,22,22,22,22
250,fixed,NaN,21,22,22,22,22
250,fixed,NaN,22,23,23,23,23
250,fixed,NaN,23,24,24,24,24
250,fixed,NaN,24,25,25,25,25
250,fixed,NaN,25,26,26,26,26
250,fixed,NaN,26,26,26,26,26
250,fixed,NaN,27,27,27,26,27
250,fixed,NaN,28,27,27,26,27
250,fixed,NaN,29,28,28,27,28
250,fixed,NaN,30,28,28,27,28
250,fixed,NaN,31,29,28,27,29
250,fixed,NaN,32,29,29,28,29
250,fixed,NaN,33,29,30,29,30
250,fixed,NaN,34,30,31,30,31
250,fixed,NaN,35,31,31,30,31
250,fixed,NaN,36,31,33,31,33
250,fixed,NaN,37,33,33,32,33
250,fixed,NaN,38,34,34,33,34
250,fixed,NaN,39,35,35,34,35
250,fixed,NaN,40,36,35,35,36
250,fixed,NaN,41,36,36,35,36
250,fixed,NaN,42,37,37,36,37
250,fixed,NaN,43,38,38,38,38
250,fixed,NaN,44,38,39,39,39
250,fixed,NaN,45,40,40,41,41
250,fixed,NaN,46,41,41,42,42
250,fixed,NaN,47,42,42,43,43
250,fixed,NaN,48,44,45,45,45
250,fixed,NaN,49,45,46,45,46
250,fixed,NaN,50,46,47,46,47
250,fixed,NaN,51,48,50,47,50
250,fixed,NaN,52,48,51,47,51
250,fixed,NaN,53,50,53,49,53
250,fixed,NaN,54,52,55,49,55
250,fixed,NaN,55,52,55,50,55
250,fixed,NaN,56,56,58,52,58
250,fixed,NaN,57,56,58,52,58
250,fixed,NaN,58,58,59,53,59
250,fixed,NaN,59,60,62,55,62
250,fixed,NaN,60,61,62,56,62
250,fixed,NaN,61,64,65,58,65
250,fixed,NaN,62,64,65,58,65
250,fixed,NaN,63,66,67,61,67
250,fixed,NaN,64,68,70,62,70
250,fixed,NaN,65,69,71,63,71
250,fixed,NaN,66,72,73,65,73
250,fixed,NaN,67,72,73,65,73
250,fixed,NaN,68,74,75,67,75
250,fixed,NaN,69,76,77,70,77
250,fixed,NaN,70,77,79,71,79
250,fixed,NaN,71,79,81,72,81
250,fixed,NaN,72,79,82,74,82
250,fixed,NaN,73,82,84,75,84
250,fixed,NaN,74,82,84,75,84
250,fixed,NaN,75,85,86,77,86
250,fixed,NaN,76,85,87,78,87
250,fixed,NaN,77,87,89,79,89
250,fixed,NaN,78,90,92,82,92
250,fixed,NaN,79,92,94,83,94
250,fixed,NaN,80,94,96,84,96
250,fixed,NaN,81,94,97,85,97
250,fixed,NaN,82,96,99,87,99
250,fixed,NaN,83,96,99,87,99
250,fixed,NaN,84,99,101,90,101
250,fixed,NaN,85,99,101,90,101
250,fixed,NaN,86,100,103,91,103
250,fixed,NaN,87,101,105,92,105
250,fixed,NaN,88,104,107,95,107
250,fixed,NaN,89,106,109,96,109
250,fixed,NaN,90,108,111,98,111
250,fixed,NaN,91,109,112,100,112
250,fixed,NaN,92,110,113,100,113
250,fixed,NaN,93,113,115,102,115
250,fixed,NaN,94,114,116,103,116
250,fixed,NaN,95,116,118,105,118
250,fixed,NaN,96,117,119,105,119
250,fixed,NaN,97,119,120,107,120
250,fixed,NaN,98,119,121,107,121
250,fixed,NaN,99,122,125,110,125
250,fixed,NaN,100,122,125,110,125
250,fixed,NaN,101,125,127,112,127
250,relaxed,NaN,1,1,1,1,1
250,relaxed,NaN,2,3,3,3,3
250,relaxed,NaN,3,6,6,6,6
250,relaxed,NaN,4,8,8,8,8
250,relaxed,NaN,5,10,10,10,10
250,relaxed,NaN,6,11,11,11,11
250,relaxed,NaN,7,12,12,12,12
250,relaxed,NaN,8,12,12,12,12
250,relaxed,NaN,9,13,13,13,13
250,relaxed,NaN,10,13,13,13,13
250,relaxed,NaN,11,14,14,14,14
250,relaxed,NaN,12,14,14,14,14
250,relaxed,NaN,13,15,15,15,15
250,relaxed,NaN,14,15,15,15,15
250,relaxed,NaN,15,15,15,15,15
250,relaxed,NaN,16,15,15,15,15
250,relaxed,NaN,17,15,15,15,15
250,relaxed,NaN,18,16,16,16,16
250,relaxed,NaN,19,16,16,16,16
250,relaxed,NaN,20,16,16,16,16
250,relaxed,NaN,21,16,16,16,16
250,relaxed,NaN,22,17,17,17,17
250,relaxed,NaN,23,17,17,17,17
250,relaxed,NaN,24,17,17,17,17
250,relaxed,NaN,25,17,17,18,18
250,relaxed,NaN,26,17,17,17,17
250,relaxed,NaN,27,18,18,17,18
250,relaxed,NaN,28,18,18,17,18
250,relaxed,NaN,29,18,18,17,18
250,relaxed,NaN,30,18,18,18,18
250,relaxed,NaN,31,18,18,18,18
250,relaxed,NaN,32,18,18,18,18
250,relaxed,NaN,33,19,19,19,19
250,relaxed,NaN,34,19,19,19,19
250,relaxed,NaN,35,19,19,19,19
250,relaxed,NaN,36,19,19,19,19
250,relaxed,NaN,37,19,19,19,19
250,relaxed,NaN,38,19,19,19,19
250,relaxed,NaN,39,20,20,20,20
250,relaxed,NaN,40,20,20,20,20
250,relaxed,NaN,41,20,20,20,20
250,relaxed,NaN,42,21,21,20,21
250,relaxed,NaN,43,21,21,20,21
250,relaxed,NaN,44,21,21,20,21
250,relaxed,NaN,45,22,22,21,22
250,relaxed,NaN,46,22,22,21,22
250,relaxed,NaN,47,22,22,21,22
250,relaxed,NaN,48,23,22,22,23
250,relaxed,NaN,49,23,22,22,23
250,relaxed,NaN,50,23,23,23,23
250,relaxed,NaN,51,24,24,23,24
250,relaxed,NaN,52,24,25,23,25
250,relaxed,NaN,53,25,26,24,26
250,relaxed,NaN,54,25,26,24,26
250,relaxed,NaN,55,26,27,24,27
250,relaxed,NaN,56,27,28,25,28
250,relaxed,NaN,57,28,29,26,29
250,relaxed,NaN,58,29,29,27,29
250,relaxed,NaN,59,30,30,27,30
250,relaxed,NaN,60,30,31,28,31
250,relaxed,NaN,61,30,32,28,32
250,relaxed,NaN,62,32,33,30,33
250,relaxed,NaN,63,33,33,31,33
250,relaxed,NaN,64,34,34,31,34
250,relaxed,NaN,65,35,35,33,35
250,relaxed,NaN,66,35,35,33,35
250,relaxed,NaN,67,36,37,35,37
250,relaxed,NaN,68,37,37,36,37
250,relaxed,NaN,69,38,38,37,38
250,relaxed,NaN,70,39,39,38,39
250,relaxed,NaN,71,39,40,39,40
250,relaxed,NaN,72,41,41,40,41
250,relaxed,NaN,73,41,42,41,42
250,relaxed,NaN,74,42,43,42,43
250,relaxed,NaN,75,43,44,42,44
250,relaxed,NaN,76,45,45,44,45
250,relaxed,NaN,77,45,45,44,45
250,relaxed,NaN,78,47,47,46,47
250,relaxed,NaN,79,47,47,47,47
250,relaxed,NaN,80,49,48,49,49
250,relaxed,NaN,81,49,49,49,49
250,relaxed,NaN,82,50,50,51,51
250,relaxed,NaN,83,50,50,51,51
250,relaxed,NaN,84,52,51,52,52
250,relaxed,NaN,85,52,51,53,53
250,relaxed,NaN,86,53,53,54,54
250,relaxed,NaN,87,54,54,55,55
250,relaxed,NaN,88,55,54,55,55
250,relaxed,NaN,89,56,55,57,57
250,relaxed,NaN,90,56,56,57,57
250,relaxed,NaN,91,56,56,58,58
250,relaxed,NaN,92,56,57,59,59
250,relaxed,NaN,93,58,58,59,59
250,relaxed,NaN,94,58,59,60,60
250,relaxed,NaN,95,59,60,61,61
250,relaxed,NaN,96,60,61,61,61
250,relaxed,NaN,97,61,62,63,63
250,relaxed,NaN,98,61,62,63,63
250,relaxed,NaN,99,62,63,64,64
250,relaxed,NaN,100,63,64,65,65
250,relaxed,NaN,101,63,65,66,66
250,plain,101,1,1,1,1,1
250,plain,101,2,3,3,3,3
250,plain,101,3,6,6,6,6
250,plain,101,4,9,9,9,9
250,plain,101,5,10,10,10,10
250,plain,101,6,12,12,12,12
250,plain,101,7,14,14,14,14
250,plain,101,8,15,15,15,15
250,plain,101,9,15,15,15,15
250,plain,101,10,16,16,16,16
250,plain,101,11,17,17,17,17
250,plain,101,12,17,17,17,17
250,plain,101,13,18,18,18,18
250,plain,101,14,19,19,19,19
250,plain,101,15,19,19,19,19
250,plain,101,16,20,20,20,20
250,plain,101,17,21,21,21,21
250,plain,101,18,21,21,21,21
250,plain,101,19,22,22,22,22
250,plain,101,20,23,23,23,23
250,plain,101,21,23,23,23,23
250,plain,101,22,23,23,23,23
250,plain,101,23,23,23,23,23
250,plain,101,24,24,24,24,24
250,plain,101,25,24,24,24,24
250,plain,101,26,24,24,24,24
250,plain,101,27,25,25,25,25
250,plain,101,28,25,25,25,25
250,plain,101,29,25,25,25,25
250,plain,101,30,26,26,26,26
250,plain,101,31,26,26,26,26
250,plain,101,32,26,26,26,26
250,plain,101,33,27,27,27,27
250,plain,101,34,27,27,27,27
250,plain,101,35,28,28,28,28
250,plain,101,36,28,28,28,28
250,plain,101,37,28,28,28,28
250,plain,101,38,28,28,28,28
250,plain,101,39,29,29,29,29
250,plain,101,40,29,29,29,29
250,plain,101,41,30,30,30,30
250,plain,101,42,30,30,30,30
250,plain,101,43,31,31,31,31
250,plain,101,44,31,31,31,31
250,plain,101,45,31,31,31,31
250,plain,101,46,32,32,32,32
250,plain,101,47,32,32,32,32
250,plain,101,48,33,33,33,33
250,plain,101,49,34,34,34,34
250,plain,101,50,33,33,33,33
250,plain,101,51,34,34,34,34
250,plain,101,52,34,34,34,34
250,plain,101,53,34,34,34,34
250,plain,101,54,34,34,34,34
250,plain,101,55,35,35,35,35
250,plain,101,56,35,35,35,35
250,plain,101,57,36,36,36,36
250,plain,101,58,36,36,36,36
250,plain,101,59,36,36,36,36
250,plain,101,60,36,36,36,36
250,plain,101,61,37,37,37,37
250,plain,101,62,37,37,37,37
250,plain,101,63,37,37,37,37
250,plain,101,64,38,38,38,38
250,plain,101,65,38,38,38,38
250,plain,101,66,39,39,39,39
250,plain,101,67,39,39,39,39
250,plain,101,68,39,39,39,39
250,plain,101,69,40,40,40,40
250,plain,101,70,40,40,40,40
250,plain,101,71,41,41,41,41
250,plain,101,72,40,40,40,40
250,plain,101,73,41,41,41,41
250,plain,101,74,41,41,41,41
250,plain,101,75,41,41,41,41
250,plain,101,76,41,41,41,41
250,plain,101,77,41,41,41,41
250,plain,101,78,42,42,42,42
250,plain,101,79,42,42,42,42
250,plain,101,80,43,43,43,43
250,plain,101,81,43,43,43,43
250,plain,101,82,43,43,43,43
250,plain,101,83,43,43,43,43
250,plain,101,84,44,43,43,44
250,plain,101,85,44,43,43,44
250,plain,101,86,43,43,43,43
250,plain,101,87,44,43,43,44
250,plain,101,88,45,44,44,45
250,plain,101,89,45,44,44,45
250,plain,101,90,46,45,45,46
250,plain,101,91,46,45,45,46
250,plain,101,92,46,45,45,46
250,plain,101,93,47,46,46,47
250,plain,101,94,47,46,46,47
250,plain,101,95,49,47,47,49
250,plain,101,96,49,47,47,49
250,plain,101,97,49,48,48,49
250,plain,101,98,49,47,48,49
250,plain,101,99,50,49,49,50
250,plain,101,100,50,49,49,50
250,plain,202,1,1,1,1,1
250,plain,202,2,3,3,3,3
250,plain,202,3,6,6,6,6
250,plain,202,4,9,9,9,9
250,plain,202,5,10,10,10,10
250,plain,202,6,12,12,12,12
250,plain,202,7,14,14,14,14
250,plain,202,8,15,15,15,15
250,plain,202,9,15,15,15,15
250,plain,202,10,16,16,16,16
250,plain,202,11,17,17,17,17
250,plain,202,12,17,17,17,17
250,plain,202,13,18,18,18,18
250,plain,202,14,19,19,19,19
250,plain,202,15,19,19,19,19
250,plain,202,16,20,20,20,20
250,plain,202,17,21,21,21,21
250,plain,202,18,21,21,21,21
250,plain,202,19,22,22,22,22
250,plain,202,20,23,23,23,23
250,plain,202,21,23,23,23,23
250,plain,202,22,23,23,23,23
250,plain,202,23,23,23,23,23
250,plain,202,24,24,24,24,24
250,plain,202,25,24,24,24,24
250,plain,202,26,24,24,24,24
250,plain,202,27,25,25,25,25
250,plain,202,28,25,25,25,25
250,plain,202,29,25,25,25,25
250,plain,202,30,26,26,26,26
250,plain,202,31,26,26,26,26
250,plain,202,32,26,26,26,26
250,plain,202,33,27,27,27,27
250,plain,202,34,27,27,27,27
250,plain,202,35,28,28,28,28
250,plain,202,36,28,28,28,28
250,plain,202,37,28,28,28,28
250,plain,202,38,28,28,28,28
250,plain,202,39,29,29,29,29
250,plain,202,40,29,29,29,29
250,plain,202,41,30,30,30,30
250,plain,202,42,30,30,30,30
250,plain,202,43,31,31,31,31
250,plain,202,44,31,31,31,31
250,plain,202,45,31,31,31,31
250,plain,202,46,32,32,32,32
250,plain,202,47,32,32,32,32
250,plain,202,48,33,33,33,33
250,plain,202,49,34,34,34,34
250,plain,202,50,33,33,33,33
250,plain,202,51,34,34,34,34
250,plain,202,52,34,34,34,34
250,plain,202,53,34,34,34,34
250,plain,202,54,34,34,34,34
250,plain,202,55,35,35,35,35
250,plain,202,56,35,35,35,35
250,plain,202,57,36,36,36,36
250,plain,202,58,36,36,36,36
250,plain,202,59,36,36,36,36
250,plain,202,60,36,36,36,36
250,plain,202,61,37,37,37,37
250,plain,202,62,37,37,37,37
250,plain,202,63,37,37,37,37
250,plain,202,64,38,38,38,38
250,plain,202,65,38,38,38,38
250,plain,202,66,39,39,39,39
250,plain,202,67,39,39,39,39
250,plain,202,68,39,39,39,39
250,plain,202,69,40,40,40,40
250,plain,202,70,40,40,40,40
250,plain,202,71,41,41,41,41
250,plain,202,72,40,40,40,40
250,plain,202,73,41,41,41,41
250,plain,202,74,41,41,41,41
250,plain,202,75,41,41,41,41
250,plain,202,76,41,41,41,41
250,plain,202,77,41,41,41,41
250,plain,202,78,42,42,42,42
250,plain,202,79,42,42,42,42
250,plain,202,80,43,43,43,43
250,plain,202,81,43,43,43,43
250,plain,202,82,43,43,43,43
250,plain,202,83,43,43,43,43
250,plain,202,84,44,43,43,44
250,plain,202,85,44,43,43,44
250,plain,202,86,43,43,43,43
250,plain,202,87,44,43,43,44
250,plain,202,88,45,44,44,45
250,plain,202,89,45,44,44,45
250,plain,202,90,46,45,45,46
250,plain,202,91,46,45,45,46
250,plain,202,92,46,45,45,46
250,plain,202,93,47,46,46,47
250,plain,202,94,47,46,46,47
250,plain,202,95,49,47,47,49
250,plain,202,96,49,47,47,49
250,plain,202,97,49,48,48,49
250,plain,202,98,49,47,48,49
250,plain,202,99,50,49,49,50
250,plain,202,100,50,49,49,50
250,plain,303,1,1,1,1,1
250,plain,303,2,3,3,3,3
250,plain,303,3,6,6,6,6
250,plain,303,4,9,9,9,9
250,plain,303,5,10,10,10,10
250,plain,303,6,12,12,12,12
250,plain,303,7,14,14,14,14
250,plain,303,8,15,15,15,15
250,plain,303,9,15,15,15,15
250,plain,303,10,16,16,16,16
250,plain,303,11,17,17,17,17
250,plain,303,12,17,17,17,17
250,plain,303,13,18,18,18,18
250,plain,303,14,19,19,19,19
250,plain,303,15,19,19,19,19
250,plain,303,16,20,20,20,20
250,plain,303,17,21,21,21,21
250,plain,303,18,21,21,21,21
250,plain,303,19,22,22,22,22
250,plain,303,20,23,23,23,23
250,plain,303,21,23,23,23,23
250,plain,303,22,23,23,23,23
250,plain,303,23,23,23,23,23
250,plain,303,24,24,24,24,24
250,plain,303,25,24,24,24,24
250,plain,303,26,24,24,24,24
250,plain,303,27,25,25,25,25
250,plain,303,28,25,25,25,25
250,plain,303,29,25,25,25,25
250,plain,303,30,26,26,26,26
250,plain,303,31,26,26,26,26
250,plain,303,32,26,26,26,26
250,plain,303,33,27,27,27,27
250,plain,303,34,27,27,27,27
250,plain,303,35,28,28,28,28
250,plain,303,36,28,28,28,28
250,plain,303,37,28,28,28,28
250,plain,303,38,28,28,28,28
250,plain,303,39,29,29,29,29
250,plain,303,40,29,29,29,29
250,plain,303,41,30,30,30,30
250,plain,303,42,30,30,30,30
250,plain,303,43,31,31,31,31
250,plain,303,44,31,31,31,31
250,plain,303,45,31,31,31,31
250,plain,303,46,32,32,32,32
250,plain,303,47,32,32,32,32
250,plain,303,48,33,33,33,33
250,plain,303,49,34,34,34,34
250,plain,303,50,33,33,33,33
250,plain,303,51,34,34,34,34
250,plain,303,52,34,34,34,34
250,plain,303,53,34,34,34,34
250,plain,303,54,34,34,34,34
250,plain,303,55,35,35,35,35
250,plain,303,56,35,35,35,35
250,plain,303,57,36,36,36,36
250,plain,303,58,36,36,36,36
250,plain,303,59,36,36,36,36
250,plain,303,60,36,36,36,36
250,plain,303,61,37,37,37,37
250,plain,303,62,37,37,37,37
250,plain,303,63,37,37,37,37
250,plain,303,64,38,38,38,38
250,plain,303,65,38,38,38,38
250,plain,303,66,39,39,39,39
250,plain,303,67,39,39,39,39
250,plain,303,68,39,39,39,39
250,plain,303,69,40,40,40,40
250,plain,303,70,40,40,40,40
250,plain,303,71,41,41,41,41
250,plain,303,72,40,40,40,40
250,plain,303,73,41,41,41,41
250,plain,303,74,41,41,41,41
250,plain,303,75,41,41,41,41
250,plain,303,76,41,41,41,41
250,plain,303,77,41,41,41,41
250,plain,303,78,42,42,42,42
250,plain,303,79,42,42,42,42
250,plain,303,80,43,43,43,43
250,plain,303,81,43,43,43,43
250,plain,303,82,43,43,43,43
250,plain,303,83,43,43,43,43
250,plain,303,84,44,43,43,44
250,plain,303,85,44,43,43,44
250,plain,303,86,43,43,43,43
250,plain,303,87,44,43,43,44
250,plain,303,88,45,44,44,45
250,plain,303,89,45,44,44,45
250,plain,303,90,46,45,45,46
250,plain,303,91,46,45,45,46
250,plain,303,92,46,45,45,46
250,plain,303,93,47,46,46,47
250,plain,303,94,47,46,46,47
250,plain,303,95,49,47,47,49
250,plain,303,96,49,47,47,49
250,plain,303,97,49,48,48,49
250,plain,303,98,49,47,48,49
250,plain,303,99,50,49,49,50
250,plain,303,100,50,49,49,50
250,plain,404,1,1,1,1,1
250,plain,404,2,3,3,3,3
250,plain,404,3,6,6,6,6
250,plain,404,4,9,9,9,9
250,plain,404,5,10,10,10,10
250,plain,404,6,12,12,12,12
250,plain,404,7,14,14,14,14
250,plain,404,8,15,15,15,15
250,plain,404,9,15,15,15,15
250,plain,404,10,16,16,16,16
250,plain,404,11,17,17,17,17
250,plain,404,12,17,17,17,17
250,plain,404,13,18,18,18,18
250,plain,404,14,19,19,19,19
250,plain,404,15,19,19,19,19
250,plain,404,16,20,20,20,20
250,plain,404,17,21,21,21,21
250,plain,404,18,21,21,21,21
250,plain,404,19,22,22,22,22
250,plain,404,20,23,23,23,23
250,plain,404,21,23,23,23,23
250,plain,404,22,23,23,23,23
250,plain,404,23,23,23,23,23
250,plain,404,24,24,24,24,24
250,plain,404,25,24,24,24,24
250,plain,404,26,24,24,24,24
250,plain,404,27,25,25,25,25
250,plain,404,28,25,25,25,25
250,plain,404,29,25,25,25,25
250,plain,404,30,26,26,26,26
250,plain,404,31,26,26,26,26
250,plain,404,32,26,26,26,26
250,plain,404,33,27,27,27,27
250,plain,404,34,27,27,27,27
250,plain,404,35,28,28,28,28
250,plain,404,36,28,28,28,28
250,plain,404,37,28,28,28,28
250,plain,404,38,28,28,28,28
250,plain,404,39,29,29,29,29
250,plain,404,40,29,29,29,29
250,plain,404,41,30,30,30,30
250,plain,404,42,30,30,30,30
250,plain,404,43,31,31,31,31
250,plain,404,44,31,31,31,31
250,plain,404,45,31,31,31,31
250,plain,404,46,32,32,32,32
250,plain,404,47,32,32,32,32
250,plain,404,48,33,33,33,33
250,plain,404,49,34,34,34,34
250,plain,404,50,33,33,33,33
250,plain,404,51,34,34,34,34
250,plain,404,52,34,34,34,34
250,plain,404,53,34,34,34,34
250,plain,404,54,34,34,34,34
250,plain,404,55,35,35,35,35
250,plain,404,56,35,35,35,35
250,plain,404,57,36,36,36,36
250,plain,404,58,36,36,36,36
250,plain,404,59,36,36,36,36
250,plain,404,60,36,36,36,36
250,plain,404,61,37,37,37,37
250,plain,404,62,37,37,37,37
250,plain,404,63,37,37,37,37
250,plain,404,64,38,38,38,38
250,plain,404,65,38,38,38,38
250,plain,404,66,39,39,39,39
250,plain,404,67,39,39,39,39
250,plain,404,68,39,39,39,39
250,plain,404,69,40,40,40,40
250,plain,404,70,40,40,40,40
250,plain,404,71,41,41,41,41
250,plain,404,72,40,40,40,40
250,plain,404,73,41,41,41,41
250,plain,404,74,41,41,41,41
250,plain,404,75,41,41,41,41
250,plain,404,76,41,41,41,41
250,plain,404,77,41,41,41,41
250,plain,404,78,42,42,42,42
250,plain,404,79,42,42,42,42
250,plain,404,80,43,43,43,43
250,plain,404,81,43,43,43,43
250,plain,404,82,43,43,43,43
250,plain,404,83,43,43,43,43
250,plain,404,84,44,43,43,44
250,plain,404,85,44,43,43,44
250,plain,404,86,43,43,43,43
250,plain,404,87,44,43,43,44
250,plain,404,88,45,44,44,45
250,plain,404,89,45,44,44,45
250,plain,404,90,46,45,45,46
250,plain,404,91,46,45,45,46
250,plain,404,92,46,45,45,46
250,plain,404,93,47,46,46,47
250,plain,404,94,47,46,46,47
250,plain,404,95,49,47,47,49
250,plain,404,96,49,47,47,49
250,plain,404,97,49,48,48,49
250,plain,404,98,49,47,48,49
250,plain,404,99,50,49,49,50
250,plain,404,100,50,49,49,50
250,plain,505,1,1,1,1,1
250,plain,505,2,3,3,3,3
250,plain,505,3,6,6,6,6
250,plain,505,4,9,9,9,9
250,plain,505,5,10,10,10,10
250,plain,505,6,12,12,12,12
250,plain,505,7,14,14,14,14
250,plain,505,8,15,15,15,15
250,plain,505,9,15,15,15,15
250,plain,505,10,16,16,16,16
250,plain,505,11,17,17,17,17
250,plain,505,12,17,17,17,17
250,plain,505,13,18,18,18,18
250,plain,505,14,19,19,19,19
250,plain,505,15,19,19,19,19
250,plain,505,16,20,20,20,20
250,plain,505,17,21,21,21,21
250,plain,505,18,21,21,21,21
250,plain,505,19,22,22,22,22
250,plain,505,20,23,23,23,23
250,plain,505,21,23,23,23,23
250,plain,505,22,23,23,23,23
250,plain,505,23,23,23,23,23
250,plain,505,24,24,24,24,24
250,plain,505,25,24,24,24,24
250,plain,505,26,24,24,24,24
250,plain,505,27,25,25,25,25
250,plain,505,28,25,25,25,25
250,plain,505,29,25,25,25,25
250,plain,505,30,26,26,26,26
250,plain,505,31,26,26,26,26
250,plain,505,32,26,26,26,26
250,plain,505,33,27,27,27,27
250,plain,505,34,27,27,27,27
250,plain,505,35,28,28,28,28
250,plain,505,36,28,28,28,28
250,plain,505,37,28,28,28,28
250,plain,505,38,28,28,28,28
250,plain,505,39,29,29,29,29
250,plain,505,40,29,29,29,29
250,plain,505,41,30,30,30,30
250,plain,505,42,30,30,30,30
250,plain,505,43,31,31,31,31
250,plain,505,44,31,31,31,31
250,plain,505,45,31,31,31,31
250,plain,505,46,32,32,32,32
250,plain,505,47,32,32,32,32
250,plain,505,48,33,33,33,33
250,plain,505,49,34,34,34,34
250,plain,505,50,33,33,33,33
250,plain,505,51,34,34,34,34
250,plain,505,52,34,34,34,34
250,plain,505,53,34,34,34,34
250,plain,505,54,34,34,34,34
250,plain,505,55,35,35,35,35
250,plain,505,56,35,35,35,35
250,plain,505,57,36,36,36,36
250,plain,505,58,36,36,36,36
250,plain,505,59,36,36,36,36
250,plain,505,60,36,36,36,36
250,plain,505,61,37,37,37,37
250,plain,505,62,37,37,37,37
250,plain,505,63,37,37,37,37
250,plain,505,64,38,38,38,38
250,plain,505,65,38,38,38,38
250,plain,505,66,39,39,39,39
250,plain,505,67,39,39,39,39
250,plain,505,68,39,39,39,39
250,plain,505,69,40,40,40,40
250,plain,505,70,40,40,40,40
250,plain,505,71,41,41,41,41
250,plain,505,72,40,40,40,40
250,plain,505,73,41,41,41,41
250,plain,505,74,41,41,41,41
250,plain,505,75,41,41,41,41
250,plain,505,76,41,41,41,41
250,plain,505,77,41,41,41,41
250,plain,505,78,42,42,42,42
250,plain,505,79,42,42,42,42
250,plain,505,80,43,43,43,43
250,plain,505,81,43,43,43,43
250,plain,505,82,43,43,43,43
250,plain,505,83,43,43,43,43
250,plain,505,84,44,43,43,44
250,plain,505,85,44,43,43,44
250,plain,505,86,43,43,43,43
250,plain,505,87,44,43,43,44
250,plain,505,88,45,44,44,45
250,plain,505,89,45,44,44,45
250,plain,505,90,46,45,45,46
250,plain,505,91,46,45,45,46
250,plain,505,92,46,45,45,46
250,plain,505,93,47,46,46,47
250,plain,505,94,47,46,46,47
250,plain,505,95,49,47,47,49
250,plain,505,96,49,47,47,49
250,plain,505,97,49,48,48,49
250,plain,505,98,49,47,48,49
250,plain,505,99,50,49,49,50
250,plain,505,100,50,49,49,50
250,rhosvd_sgmres,101,1,1,1,1,1
250,rhosvd_sgmres,101,2,3,3,3,3
250,rhosvd_sgmres,101,3,6,6,6,6
250,rhosvd_sgmres,101,4,9,9,9,9
250,rhosvd_sgmres,101,5,10,10,10,10
250,rhosvd_sgmres,101,6,12,12,12,12
250,rhosvd_sgmres,101,7,14,14,14,14
250,rhosvd_sgmres,101,8,15,15,15,15
250,rhosvd_sgmres,101,9,15,15,15,15
250,rhosvd_sgmres,101,10,16,16,16,16
250,rhosvd_sgmres,101,11,17,17,17,17
250,rhosvd_sgmres,101,12,17,17,17,17
250,rhosvd_sgmres,101,13,18,18,18,18
250,rhosvd_sgmres,101,14,19,19,19,19
250,rhosvd_sgmres,101,15,20,20,20,20
250,rhosvd_sgmres,101,16,20,20,20,20
250,rhosvd_sgmres,101,17,21,21,21,21
250,rhosvd_sgmres,101,18,21,21,21,21
250,rhosvd_sgmres,101,19,22,22,22,22
250,rhosvd_sgmres,101,20,23,23,23,23
250,rhosvd_sgmres,101,21,23,23,23,23
250,rhosvd_sgmres,101,22,23,23,23,23
250,rhosvd_sgmres,101,23,24,24,24,24
250,rhosvd_sgmres,101,24,25,25,25,25
250,rhosvd_sgmres,101,25,25,25,25,25
250,rhosvd_sgmres,101,26,25,25,25,25
250,rhosvd_sgmres,101,27,26,26,26,26
250,rhosvd_sgmres,101,28,27,27,27,27
250,rhosvd_sgmres,101,29,27,27,27,27
250,rhosvd_sgmres,101,30,27,27,27,27
250,rhosvd_sgmres,101,31,27,27,27,27
250,rhosvd_sgmres,101,32,27,27,27,27
250,rhosvd_sgmres,101,33,28,28,28,28
250,rhosvd_sgmres,101,34,29,29,29,29
250,rhosvd_sgmres,101,35,29,29,29,29
250,rhosvd_sgmres,101,36,29,29,29,29
250,rhosvd_sgmres,101,37,30,30,30,30
250,rhosvd_sgmres,101,38,30,30,30,30
250,rhosvd_sgmres,101,39,30,30,30,30
250,rhosvd_sgmres,101,40,31,31,31,31
250,rhosvd_sgmres,101,41,31,31,31,31
250,rhosvd_sgmres,101,42,32,32,32,32
250,rhosvd_sgmres,101,43,32,32,32,32
250,rhosvd_sgmres,101,44,32,32,32,32
250,rhosvd_sgmres,101,45,33,33,33,33
250,rhosvd_sgmres,101,46,33,33,33,33
250,rhosvd_sgmres,101,47,34,34,34,34
250,rhosvd_sgmres,101,48,34,34,34,34
250,rhosvd_sgmres,101,49,34,34,34,34
250,rhosvd_sgmres,101,50,34,34,34,34
250,rhosvd_sgmres,101,51,35,35,35,35
250,rhosvd_sgmres,101,52,35,35,35,35
250,rhosvd_sgmres,101,53,36,36,36,36
250,rhosvd_sgmres,101,54,36,36,36,36
250,rhosvd_sgmres,101,55,36,36,36,36
250,rhosvd_sgmres,101,56,37,37,37,37
250,rhosvd_sgmres,101,57,38,38,38,38
250,rhosvd_sgmres,101,58,38,38,38,38
250,rhosvd_sgmres,101,59,39,39,39,39
250,rhosvd_sgmres,101,60,39,39,39,39
250,rhosvd_sgmres,101,61,40,40,40,40
250,rhosvd_sgmres,101,62,40,40,40,40
250,rhosvd_sgmres,101,63,40,40,40,40
250,rhosvd_sgmres,101,64,41,41,41,41
250,rhosvd_sgmres,101,65,41,41,41,41
250,rhosvd_sgmres,101,66,42,42,42,42
250,rhosvd_sgmres,101,67,42,42,42,42
250,rhosvd_sgmres,101,68,42,42,42,42
250,rhosvd_sgmres,101,69,43,43,43,43
250,rhosvd_sgmres,101,70,43,43,43,43
250,rhosvd_sgmres,101,71,45,45,45,45
250,rhosvd_sgmres,101,72,44,44,44,44
250,rhosvd_sgmres,101,73,45,45,45,45
250,rhosvd_sgmres,101,74,45,45,45,45
250,rhosvd_sgmres,101,75,45,45,45,45
250,rhosvd_sgmres,101,76,45,45,45,45
250,rhosvd_sgmres,101,77,45,45,45,45
250,rhosvd_sgmres,101,78,47,47,47,47
250,rhosvd_sgmres,101,79,47,47,47,47
250,rhosvd_sgmres,101,80,47,47,47,47
250,rhosvd_sgmres,101,81,47,47,47,47
250,rhosvd_sgmres,101,82,48,48,48,48
250,rhosvd_sgmres,101,83,48,48,48,48
250,rhosvd_sgmres,101,84,49,49,49,49
250,rhosvd_sgmres,101,85,49,49,49,49
250,rhosvd_sgmres,101,86,49,49,49,49
250,rhosvd_sgmres,101,87,49,49,49,49
250,rhosvd_sgmres,101,88,50,50,50,50
250,rhosvd_sgmres,101,89,50,50,50,50
250,rhosvd_sgmres,101,90,51,51,50,51
250,rhosvd_sgmres,101,91,52,52,51,52
250,rhosvd_sgmres,101,92,52,53,51,53
250,rhosvd_sgmres,101,93,53,53,53,53
250,rhosvd_sgmres,101,94,53,54,53,54
250,rhosvd_sgmres,101,95,54,54,53,54
250,rhosvd_sgmres,101,96,54,54,53,54
250,rhosvd_sgmres,101,97,55,55,54,55
250,rhosvd_sgmres,101,98,55,54,54,55
250,rhosvd_sgmres,101,99,55,55,54,55
250,rhosvd_sgmres,101,100,55,55,55,55
250,rhosvd_sgmres,202,1,1,1,1,1
250,rhosvd_sgmres,202,2,3,3,3,3
250,rhosvd_sgmres,202,3,6,6,6,6
250,rhosvd_sgmres,202,4,9,9,9,9
250,rhosvd_sgmres,202,5,10,10,10,10
250,rhosvd_sgmres,202,6,12,12,12,12
250,rhosvd_sgmres,202,7,14,14,14,14
250,rhosvd_sgmres,202,8,15,15,15,15
250,rhosvd_sgmres,202,9,15,15,15,15
250,rhosvd_sgmres,202,10,16,16,16,16
250,rhosvd_sgmres,202,11,17,17,17,17
250,rhosvd_sgmres,202,12,17,17,17,17
250,rhosvd_sgmres,202,13,18,18,18,18
250,rhosvd_sgmres,202,14,19,19,19,19
250,rhosvd_sgmres,202,15,20,20,20,20
250,rhosvd_sgmres,202,16,20,20,20,20
250,rhosvd_sgmres,202,17,21,21,21,21
250,rhosvd_sgmres,202,18,21,21,21,21
250,rhosvd_sgmres,202,19,22,22,22,22
250,rhosvd_sgmres,202,20,23,23,23,23
250,rhosvd_sgmres,202,21,23,23,23,23
250,rhosvd_sgmres,202,22,23,23,23,23
250,rhosvd_sgmres,202,23,24,24,24,24
250,rhosvd_sgmres,202,24,25,25,25,25
250,rhosvd_sgmres,202,25,25,25,25,25
250,rhosvd_sgmres,202,26,25,25,25,25
250,rhosvd_sgmres,202,27,26,26,26,26
250,rhosvd_sgmres,202,28,27,27,27,27
250,rhosvd_sgmres,202,29,27,27,27,27
250,rhosvd_sgmres,202,30,27,27,27,27
250,rhosvd_sgmres,202,31,27,27,27,27
250,rhosvd_sgmres,202,32,27,27,27,27
250,rhosvd_sgmres,202,33,28,28,28,28
250,rhosvd_sgmres,202,34,29,29,29,29
250,rhosvd_sgmres,202,35,29,29,29,29
250,rhosvd_sgmres,202,36,29,29,29,29
250,rhosvd_sgmres,202,37,30,30,30,30
250,rhosvd_sgmres,202,38,30,30,30,30
250,rhosvd_sgmres,202,39,30,30,30,30
250,rhosvd_sgmres,202,40,31,31,31,31
250,rhosvd_sgmres,202,41,31,31,31,31
250,rhosvd_sgmres,202,42,32,32,32,32
250,rhosvd_sgmres,202,43,32,32,32,32
250,rhosvd_sgmres,202,44,32,32,32,32
250,rhosvd_sgmres,202,45,33,33,33,33
250,rhosvd_sgmres,202,46,33,33,33,33
250,rhosvd_sgmres,202,47,34,34,34,34
250,rhosvd_sgmres,202,48,34,34,34,34
250,rhosvd_sgmres,202,49,34,34,34,34
250,rhosvd_sgmres,202,50,34,34,34,34
250,rhosvd_sgmres,202,51,35,35,35,35
250,rhosvd_sgmres,202,52,35,35,35,35
250,rhosvd_sgmres,202,53,36,36,36,36
250,rhosvd_sgmres,202,54,36,36,36,36
250,rhosvd_sgmres,202,55,36,36,36,36
250,rhosvd_sgmres,202,56,37,37,37,37
250,rhosvd_sgmres,202,57,38,38,38,38
250,rhosvd_sgmres,202,58,38,38,38,38
250,rhosvd_sgmres,202,59,39,39,39,39
250,rhosvd_sgmres,202,60,39,39,39,39
250,rhosvd_sgmres,202,61,40,40,40,40
250,rhosvd_sgmres,202,62,40,40,40,40
250,rhosvd_sgmres,202,63,40,40,40,40
250,rhosvd_sgmres,202,64,41,41,41,41
250,rhosvd_sgmres,202,65,41,41,41,41
250,rhosvd_sgmres,202,66,42,42,42,42
250,rhosvd_sgmres,202,67,42,42,42,42
250,rhosvd_sgmres,202,68,42,42,42,42
250,rhosvd_sgmres,202,69,43,43,43,43
250,rhosvd_sgmres,202,70,43,43,43,43
250,rhosvd_sgmres,202,71,45,45,45,45
250,rhosvd_sgmres,202,72,44,44,44,44
250,rhosvd_sgmres,202,73,45,45,45,45
250,rhosvd_sgmres,202,74,45,45,45,45
250,rhosvd_sgmres,202,75,45,45,45,45
250,rhosvd_sgmres,202,76,45,45,45,45
250,rhosvd_sgmres,202,77,45,45,45,45
250,rhosvd_sgmres,202,78,47,47,47,47
250,rhosvd_sgmres,202,79,47,47,47,47
250,rhosvd_sgmres,202,80,47,47,47,47
250,rhosvd_sgmres,202,81,47,47,47,47
250,rhosvd_sgmres,202,82,48,48,48,48
250,rhosvd_sgmres,202,83,48,48,48,48
250,rhosvd_sgmres,202,84,48,49,49,49
250,rhosvd_sgmres,202,85,48,49,49,49
250,rhosvd_sgmres,202,86,48,49,49,49
250,rhosvd_sgmres,202,87,48,49,49,49
250,rhosvd_sgmres,202,88,50,50,50,50
250,rhosvd_sgmres,202,89,50,50,50,50
250,rhosvd_sgmres,202,90,50,51,50,51
250,rhosvd_sgmres,202,91,51,52,51,52
250,rhosvd_sgmres,202,92,51,52,51,52
250,rhosvd_sgmres,202,93,53,53,52,53
250,rhosvd_sgmres,202,94,53,54,52,54
250,rhosvd_sgmres,202,95,53,54,53,54
250,rhosvd_sgmres,202,96,53,54,53,54
250,rhosvd_sgmres,202,97,54,56,54,56
250,rhosvd_sgmres,202,98,54,55,54,55
250,rhosvd_sgmres,202,99,55,56,55,56
250,rhosvd_sgmres,202,100,55,56,55,56
250,rhosvd_sgmres,303,1,1,1,1,1
250,rhosvd_sgmres,303,2,3,3,3,3
250,rhosvd_sgmres,303,3,6,6,6,6
250,rhosvd_sgmres,303,4,9,9,9,9
250,rhosvd_sgmres,303,5,10,10,10,10
250,rhosvd_sgmres,303,6,12,12,12,12
250,rhosvd_sgmres,303,7,14,14,14,14
250,rhosvd_sgmres,303,8,15,15,15,15
250,rhosvd_sgmres,303,9,15,15,15,15
250,rhosvd_sgmres,303,10,16,16,16,16
250,rhosvd_sgmres,303,11,17,17,17,17
250,rhosvd_sgmres,303,12,17,17,17,17
250,rhosvd_sgmres,303,13,18,18,18,18
250,rhosvd_sgmres,303,14,19,19,19,19
250,rhosvd_sgmres,303,15,20,20,20,20
250,rhosvd_sgmres,303,16,20,20,20,20
250,rhosvd_sgmres,303,17,21,21,21,21
250,rhosvd_sgmres,303,18,21,21,21,21
250,rhosvd_sgmres,303,19,22,22,22,22
250,rhosvd_sgmres,303,20,23,23,23,23
250,rhosvd_sgmres,303,21,23,23,23,23
250,rhosvd_sgmres,303,22,23,23,23,23
250,rhosvd_sgmres,303,23,24,24,24,24
250,rhosvd_sgmres,303,24,25,25,25,25
250,rhosvd_sgmres,303,25,25,25,25,25
250,rhosvd_sgmres,303,26,25,25,25,25
250,rhosvd_sgmres,303,27,26,26,26,26
250,rhosvd_sgmres,303,28,27,27,27,27
250,rhosvd_sgmres,303,29,27,27,27,27
250,rhosvd_sgmres,303,30,27,27,27,27
250,rhosvd_sgmres,303,31,27,27,27,27
250,rhosvd_sgmres,303,32,27,27,27,27
250,rhosvd_sgmres,303,33,28,28,28,28
250,rhosvd_sgmres,303,34,29,29,29,29
250,rhosvd_sgmres,303,35,29,29,29,29
250,rhosvd_sgmres,303,36,29,29,29,29
250,rhosvd_sgmres,303,37,30,30,30,30
250,rhosvd_sgmres,303,38,30,30,30,30
250,rhosvd_sgmres,303,39,30,30,30,30
250,rhosvd_sgmres,303,40,31,31,31,31
250,rhosvd_sgmres,303,41,31,31,31,31
250,rhosvd_sgmres,303,42,32,32,32,32
250,rhosvd_sgmres,303,43,32,32,32,32
250,rhosvd_sgmres,303,44,32,32,32,32
250,rhosvd_sgmres,303,45,33,33,33,33
250,rhosvd_sgmres,303,46,33,33,33,33
250,rhosvd_sgmres,303,47,34,34,34,34
250,rhosvd_sgmres,303,48,34,34,34,34
250,rhosvd_sgmres,303,49,34,34,34,34
250,rhosvd_sgmres,303,50,34,34,34,34
250,rhosvd_sgmres,303,51,35,35,35,35
250,rhosvd_sgmres,303,52,35,35,35,35
250,rhosvd_sgmres,303,53,36,36,36,36
250,rhosvd_sgmres,303,54,36,36,36,36
250,rhosvd_sgmres,303,55,36,36,36,36
250,rhosvd_sgmres,303,56,37,37,37,37
250,rhosvd_sgmres,303,57,38,38,38,38
250,rhosvd_sgmres,303,58,38,38,38,38
250,rhosvd_sgmres,303,59,39,39,39,39
250,rhosvd_sgmres,303,60,39,39,39,39
250,rhosvd_sgmres,303,61,40,40,40,40
250,rhosvd_sgmres,303,62,40,40,40,40
250,rhosvd_sgmres,303,63,40,40,40,40
250,rhosvd_sgmres,303,64,41,41,41,41
250,rhosvd_sgmres,303,65,41,41,41,41
250,rhosvd_sgmres,303,66,42,42,42,42
250,rhosvd_sgmres,303,67,42,42,42,42
250,rhosvd_sgmres,303,68,42,42,42,42
250,rhosvd_sgmres,303,69,43,43,43,43
250,rhosvd_sgmres,303,70,43,43,43,43
250,rhosvd_sgmres,303,71,45,45,45,45
250,rhosvd_sgmres,303,72,44,44,44,44
250,rhosvd_sgmres,303,73,45,45,45,45
250,rhosvd_sgmres,303,74,45,45,45,45
250,rhosvd_sgmres,303,75,45,45,45,45
250,rhosvd_sgmres,303,76,45,45,45,45
250,rhosvd_sgmres,303,77,45,45,45,45
250,rhosvd_sgmres,303,78,47,47,47,47
250,rhosvd_sgmres,303,79,47,47,47,47
250,rhosvd_sgmres,303,80,47,47,47,47
250,rhosvd_sgmres,303,81,47,47,47,47
250,rhosvd_sgmres,303,82,48,48,48,48
250,rhosvd_sgmres,303,83,48,48,48,48
250,rhosvd_sgmres,303,84,49,49,49,49
250,rhosvd_sgmres,303,85,49,49,49,49
250,rhosvd_sgmres,303,86,49,49,49,49
250,rhosvd_sgmres,303,87,49,49,49,49
250,rhosvd_sgmres,303,88,50,50,50,50
250,rhosvd_sgmres,303,89,50,50,51,51
250,rhosvd_sgmres,303,90,50,50,51,51
250,rhosvd_sgmres,303,91,51,52,53,53
250,rhosvd_sgmres,303,92,51,53,52,53
250,rhosvd_sgmres,303,93,52,54,53,54
250,rhosvd_sgmres,303,94,52,54,53,54
250,rhosvd_sgmres,303,95,53,54,54,54
250,rhosvd_sgmres,303,96,53,54,54,54
250,rhosvd_sgmres,303,97,54,55,55,55
250,rhosvd_sgmres,303,98,54,54,55,55
250,rhosvd_sgmres,303,99,55,55,56,56
250,rhosvd_sgmres,303,100,56,55,57,57
250,rhosvd_sgmres,404,1,1,1,1,1
250,rhosvd_sgmres,404,2,3,3,3,3
250,rhosvd_sgmres,404,3,6,6,6,6
250,rhosvd_sgmres,404,4,9,9,9,9
250,rhosvd_sgmres,404,5,10,10,10,10
250,rhosvd_sgmres,404,6,12,12,12,12
250,rhosvd_sgmres,404,7,14,14,14,14
250,rhosvd_sgmres,404,8,15,15,15,15
250,rhosvd_sgmres,404,9,15,15,15,15
250,rhosvd_sgmres,404,10,16,16,16,16
250,rhosvd_sgmres,404,11,17,17,17,17
250,rhosvd_sgmres,404,12,17,17,17,17
250,rhosvd_sgmres,404,13,18,18,18,18
250,rhosvd_sgmres,404,14,19,19,19,19
250,rhosvd_sgmres,404,15,20,20,20,20
250,rhosvd_sgmres,404,16,20,20,20,20
250,rhosvd_sgmres,404,17,21,21,21,21
250,rhosvd_sgmres,404,18,21,21,21,21
250,rhosvd_sgmres,404,19,22,22,22,22
250,rhosvd_sgmres,404,20,23,23,23,23
250,rhosvd_sgmres,404,21,23,23,23,23
250,rhosvd_sgmres,404,22,23,23,23,23
250,rhosvd_sgmres,404,23,24,24,24,24
250,rhosvd_sgmres,404,24,25,25,25,25
250,rhosvd_sgmres,404,25,25,25,25,25
250,rhosvd_sgmres,404,26,25,25,25,25
250,rhosvd_sgmres,404,27,26,26,26,26
250,rhosvd_sgmres,404,28,27,27,27,27
250,rhosvd_sgmres,404,29,27,27,27,27
250,rhosvd_sgmres,404,30,27,27,27,27
250,rhosvd_sgmres,404,31,27,27,27,27
250,rhosvd_sgmres,404,32,27,27,27,27
250,rhosvd_sgmres,404,33,28,28,28,28
250,rhosvd_sgmres,404,34,29,29,29,29
250,rhosvd_sgmres,404,35,29,29,29,29
250,rhosvd_sgmres,404,36,29,29,29,29
250,rhosvd_sgmres,404,37,30,30,30,30
250,rhosvd_sgmres,404,38,30,30,30,30
250,rhosvd_sgmres,404,39,30,30,30,30
250,rhosvd_sgmres,404,40,31,31,31,31
250,rhosvd_sgmres,404,41,31,31,31,31
250,rhosvd_sgmres,404,42,32,32,32,32
250,rhosvd_sgmres,404,43,32,32,32,32
250,rhosvd_sgmres,404,44,32,32,32,32
250,rhosvd_sgmres,404,45,33,33,33,33
250,rhosvd_sgmres,404,46,33,33,33,33
250,rhosvd_sgmres,404,47,34,34,34,34
250,rhosvd_sgmres,404,48,34,34,34,34
250,rhosvd_sgmres,404,49,34,34,34,34
250,rhosvd_sgmres,404,50,34,34,34,34
250,rhosvd_sgmres,404,51,35,35,35,35
250,rhosvd_sgmres,404,52,35,35,35,35
250,rhosvd_sgmres,404,53,36,36,36,36
250,rhosvd_sgmres,404,54,36,36,36,36
250,rhosvd_sgmres,404,55,36,36,36,36
250,rhosvd_sgmres,404,56,37,37,37,37
250,rhosvd_sgmres,404,57,38,38,38,38
250,rhosvd_sgmres,404,58,38,38,38,38
250,rhosvd_sgmres,404,59,39,39,39,39
250,rhosvd_sgmres,404,60,39,39,39,39
250,rhosvd_sgmres,404,61,40,40,40,40
250,rhosvd_sgmres,404,62,40,40,40,40
250,rhosvd_sgmres,404,63,40,40,40,40
250,rhosvd_sgmres,404,64,41,41,41,41
250,rhosvd_sgmres,404,65,41,41,41,41
250,rhosvd_sgmres,404,66,42,42,42,42
250,rhosvd_sgmres,404,67,42,42,42,42
250,rhosvd_sgmres,404,68,42,42,42,42
250,rhosvd_sgmres,404,69,43,43,43,43
250,rhosvd_sgmres,404,70,43,43,43,43
250,rhosvd_sgmres,404,71,45,45,45,45
250,rhosvd_sgmres,404,72,44,44,44,44
250,rhosvd_sgmres,404,73,45,45,45,45
250,rhosvd_sgmres,404,74,45,45,45,45
250,rhosvd_sgmres,404,75,45,45,45,45
250,rhosvd_sgmres,404,76,45,45,45,45
250,rhosvd_sgmres,404,77,45,45,45,45
250,rhosvd_sgmres,404,78,47,47,47,47
250,rhosvd_sgmres,404,79,47,47,47,47
250,rhosvd_sgmres,404,80,47,47,47,47
250,rhosvd_sgmres,404,81,47,47,47,47
250,rhosvd_sgmres,404,82,48,48,48,48
250,rhosvd_sgmres,404,83,48,48,48,48
250,rhosvd_sgmres,404,84,49,49,49,49
250,rhosvd_sgmres,404,85,49,49,49,49
250,rhosvd_sgmres,404,86,49,49,49,49
250,rhosvd_sgmres,404,87,49,49,49,49
250,rhosvd_sgmres,404,88,50,50,50,50
250,rhosvd_sgmres,404,89,51,50,51,51
250,rhosvd_sgmres,404,90,51,50,52,52
250,rhosvd_sgmres,404,91,51,51,52,52
250,rhosvd_sgmres,404,92,51,51,52,52
250,rhosvd_sgmres,404,93,52,52,53,53
250,rhosvd_sgmres,404,94,53,52,54,54
250,rhosvd_sgmres,404,95,53,53,54,54
250,rhosvd_sgmres,404,96,53,53,54,54
250,rhosvd_sgmres,404,97,54,54,56,56
250,rhosvd_sgmres,404,98,54,54,55,55
250,rhosvd_sgmres,404,99,55,54,56,56
250,rhosvd_sgmres,404,100,56,55,56,56
250,rhosvd_sgmres,505,1,1,1,1,1
250,rhosvd_sgmres,505,2,3,3,3,3
250,rhosvd_sgmres,505,3,6,6,6,6
250,rhosvd_sgmres,505,4,9,9,9,9
250,rhosvd_sgmres,505,5,10,10,10,10
250,rhosvd_sgmres,505,6,12,12,12,12
250,rhosvd_sgmres,505,7,14,14,14,14
250,rhosvd_sgmres,505,8,15,15,15,15
250,rhosvd_sgmres,505,9,15,15,15,15
250,rhosvd_sgmres,505,10,16,16,16,16
250,rhosvd_sgmres,505,11,17,17,17,17
250,rhosvd_sgmres,505,12,17,17,17,17
250,rhosvd_sgmres,505,13,18,18,18,18
250,rhosvd_sgmres,505,14,19,19,19,19
250,rhosvd_sgmres,505,15,20,20,20,20
250,rhosvd_sgmres,505,16,20,20,20,20
250,rhosvd_sgmres,505,17,21,21,21,21
250,rhosvd_sgmres,505,18,21,21,21,21
250,rhosvd_sgmres,505,19,22,22,22,22
250,rhosvd_sgmres,505,20,23,23,23,23
250,rhosvd_sgmres,505,21,23,23,23,23
250,rhosvd_sgmres,505,22,23,23,23,23
250,rhosvd_sgmres,505,23,24,24,24,24
250,rhosvd_sgmres,505,24,25,25,25,25
250,rhosvd_sgmres,505,25,25,25,25,25
250,rhosvd_sgmres,505,26,25,25,25,25
250,rhosvd_sgmres,505,27,26,26,26,26
250,rhosvd_sgmres,505,28,27,27,27,27
250,rhosvd_sgmres,505,29,27,27,27,27
250,rhosvd_sgmres,505,30,27,27,27,27
250,rhosvd_sgmres,505,31,27,27,27,27
250,rhosvd_sgmres,505,32,27,27,27,27
250,rhosvd_sgmres,505,33,28,28,28,28
250,rhosvd_sgmres,505,34,29,29,29,29
250,rhosvd_sgmres,505,35,29,29,29,29
250,rhosvd_sgmres,505,36,29,29,29,29
250,rhosvd_sgmres,505,37,30,30,30,30
250,rhosvd_sgmres,505,38,30,30,30,30
250,rhosvd_sgmres,505,39,30,30,30,30
250,rhosvd_sgmres,505,40,31,31,31,31
250,rhosvd_sgmres,505,41,31,31,31,31
250,rhosvd_sgmres,505,42,32,32,32,32
250,rhosvd_sgmres,505,43,32,32,32,32
250,rhosvd_sgmres,505,44,32,32,32,32
250,rhosvd_sgmres,505,45,33,33,33,33
250,rhosvd_sgmres,505,46,33,33,33,33
250,rhosvd_sgmres,505,47,34,34,34,34
250,rhosvd_sgmres,505,48,34,34,34,34
250,rhosvd_sgmres,505,49,34,34,34,34
250,rhosvd_sgmres,505,50,34,34,34,34
250,rhosvd_sgmres,505,51,35,35,35,35
250,rhosvd_sgmres,505,52,35,35,35,35
250,rhosvd_sgmres,505,53,36,36,36,36
250,rhosvd_sgmres,505,54,36,36,36,36
250,rhosvd_sgmres,505,55,36,36,36,36
250,rhosvd_sgmres,505,56,37,37,37,37
250,rhosvd_sgmres,505,57,38,38,38,38
250,rhosvd_sgmres,505,58,38,38,38,38
250,rhosvd_sgmres,505,59,39,39,39,39
250,rhosvd_sgmres,505,60,39,39,39,39
250,rhosvd_sgmres,505,61,40,40,40,40
250,rhosvd_sgmres,505,62,40,40,40,40
250,rhosvd_sgmres,505,63,40,40,40,40
250,rhosvd_sgmres,505,64,41,41,41,41
250,rhosvd_sgmres,505,65,41,41,41,41
250,rhosvd_sgmres,505,66,42,42,42,42
250,rhosvd_sgmres,505,67,42,42,42,42
250,rhosvd_sgmres,505,68,42,42,42,42
250,rhosvd_sgmres,505,69,43,43,43,43
250,rhosvd_sgmres,505,70,43,43,43,43
250,rhosvd_sgmres,505,71,45,45,45,45
250,rhosvd_sgmres,505,72,44,44,44,44
250,rhosvd_sgmres,505,73,45,45,45,45
250,rhosvd_sgmres,505,74,45,45,45,45
250,rhosvd_sgmres,505,75,45,45,45,45
250,rhosvd_sgmres,505,76,45,45,45,45
250,rhosvd_sgmres,505,77,45,45,45,45
250,rhosvd_sgmres,505,78,47,47,47,47
250,rhosvd_sgmres,505,79,47,47,47,47
250,rhosvd_sgmres,505,80,47,47,47,47
250,rhosvd_sgmres,505,81,47,47,47,47
250,rhosvd_sgmres,505,82,48,48,48,48
250,rhosvd_sgmres,505,83,48,48,48,48
250,rhosvd_sgmres,505,84,48,48,49,49
250,rhosvd_sgmres,505,85,48,48,49,49
250,rhosvd_sgmres,505,86,48,48,49,49
250,rhosvd_sgmres,505,87,49,48,49,49
250,rhosvd_sgmres,505,88,49,49,50,50
250,rhosvd_sgmres,505,89,50,50,50,50
250,rhosvd_sgmres,505,90,50,50,50,50
250,rhosvd_sgmres,505,91,51,51,51,51
250,rhosvd_sgmres,505,92,51,51,51,51
250,rhosvd_sgmres,505,93,53,52,53,53
250,rhosvd_sgmres,505,94,53,52,53,53
250,rhosvd_sgmres,505,95,54,53,53,54
250,rhosvd_sgmres,505,96,54,53,53,54
250,rhosvd_sgmres,505,97,55,54,54,55
250,rhosvd_sgmres,505,98,54,54,54,54
250,rhosvd_sgmres,505,99,56,55,54,56
250,rhosvd_sgmres,505,100,56,55,55,56
